Chemin;Octets;Motif;SHA256
"V1/impression/01_ELECTRO_MOMO.tif";"3664680";"V1/V2: export impression ancien, images de cartes conservees";"8FC3F4044CAE8082E94887458C5DAA13CE4A882E7D25FB3C3D430C7033865497"
"V1/impression/02_AERO_CANA.tif";"3604248";"V1/V2: export impression ancien, images de cartes conservees";"F3241E7C14E58C6185E5CC67F50DC84C316C6485F0607F20047480B775A104CD"
"V1/impression/03_HYDRO_JULIENNE.tif";"3801660";"V1/V2: export impression ancien, images de cartes conservees";"C1AEB877AFDFA3A1989E63ED96AF4BB41E6DF8A6D7451EA61A05F0A64CFD293C"
"V1/impression/04_PYRO_DARNAKO.tif";"3796864";"V1/V2: export impression ancien, images de cartes conservees";"B6600F26AF88FA0C1970AC70D26B0E85B98F36712ADBFB35F7F3E550F20A3679"
"V1/impression/05_CRYO_MALINIA.tif";"3788812";"V1/V2: export impression ancien, images de cartes conservees";"EEE774CF43405CB773B48C63BCAB44920A5C17EEEC0DFE41B642CA3A93F4FB66"
"V1/impression/06_LUXO_AELIS.tif";"3819272";"V1/V2: export impression ancien, images de cartes conservees";"EBA7FF3D6ADA83061F5B1E1AE7D444BC42A61526C1D3018031D4DD59C70F057F"
"V1/impression/07_MINERO_BALMHYR.tif";"3850244";"V1/V2: export impression ancien, images de cartes conservees";"F8337015E802ED673C01D14E155DB3CB3CB4B9092072B94E798629AA4A7FAFD1"
"V1/impression/08_HERBO_VICTORVINE.tif";"3976844";"V1/V2: export impression ancien, images de cartes conservees";"73EDCDC9FDE28255F748E89E40B36A430702047B43C112FA96D8300DC5202DBB"
"V1/impression/09_HEMATO_VERMINIA.tif";"3600956";"V1/V2: export impression ancien, images de cartes conservees";"A39A4969FA505BE330868D78EFFDAC2EC57C75BA23E1B2914DE597D81749BD39"
"V1/impression/10_NECRO_ZVIRI.tif";"3533268";"V1/V2: export impression ancien, images de cartes conservees";"A7902AFB8E46F8A8F6E420359D72CBC7989B1DD957F8C7E215143698B3B28189"
"V1/impression/11_GEO_NAZAR.tif";"3972936";"V1/V2: export impression ancien, images de cartes conservees";"EE620CD2D3760E3FE0BCA9E035898F386F06F2CC94ED18E53427AE8B50C4E4E3"
"V1/impression/12_RAINBOW_KAYLIS.tif";"3777588";"V1/V2: export impression ancien, images de cartes conservees";"6DCC2E02E473092F65D35C827454E8348B6B2DCEBF08796C51874AD278738E26"
"V1/impression/KALISTAR_V1_12_CARTES.pdf";"50701309";"V1/V2: export impression ancien, images de cartes conservees";"141305F3C7A341902CB6E659E776A7CBE2A7F7C1665446F6D0D6FBE9560634C0"
"V1/templates/01_ELECTRO_MOMO.psd";"33285612";"V1: ancien PSD de carte exporte, reconstructible depuis le master et les donnees conserves";"87BCF8CD75B3BF508C6AEC2D2027275D273AD791DC0D13A550826D45ADCAB086"
"V1/templates/02_AERO_CANA.psd";"24396350";"V1: ancien PSD de carte exporte, reconstructible depuis le master et les donnees conserves";"E0467EDFC9D68CD4C2E49D53074FBDD376E03175B68B3B34C60FEFBE68511827"
"V1/templates/03_HYDRO_JULIENNE.psd";"32599265";"V1: ancien PSD de carte exporte, reconstructible depuis le master et les donnees conserves";"6D58F2172E38EA4AAC68A270230DFC09210F0DC00DF8AA0C20310987E8BB23FA"
"V1/templates/04_PYRO_DARNAKO.psd";"26627358";"V1: ancien PSD de carte exporte, reconstructible depuis le master et les donnees conserves";"6953F5203F9577F7D1948C1835A26BAABB3B771032949D0F91FB8678784EF389"
"V1/templates/05_CRYO_MALINIA.psd";"33584085";"V1: ancien PSD de carte exporte, reconstructible depuis le master et les donnees conserves";"8454A5963057B73441A5928E6CB2246C1BE57EE7EF9C1835E0A890A3C00CC157"
"V1/templates/06_LUXO_AELIS.psd";"32786054";"V1: ancien PSD de carte exporte, reconstructible depuis le master et les donnees conserves";"0F824ADE7994835D4F4DED4BA57C89D7A9B839C97AC1C5CFF4BE3D6EC7A40AA0"
"V1/templates/07_MINERO_BALMHYR.psd";"27840832";"V1: ancien PSD de carte exporte, reconstructible depuis le master et les donnees conserves";"CBE87F64E47562AB143F00E47BAB5A81C86AF98E59F90A2BC316C7AD4931AFC3"
"V1/templates/08_HERBO_VICTORVINE.psd";"28835532";"V1: ancien PSD de carte exporte, reconstructible depuis le master et les donnees conserves";"ADB164B096C4D5A32209A4AB906632BD50FD9B5F948817FA444C711B8FBC1958"
"V1/templates/09_HEMATO_VERMINIA.psd";"28031041";"V1: ancien PSD de carte exporte, reconstructible depuis le master et les donnees conserves";"C2D5DB0FD7E41CB587C2C0765F4A66324FA59D4D3E0D891CD149B56570AC705C"
"V1/templates/10_NECRO_ZVIRI.psd";"23235200";"V1: ancien PSD de carte exporte, reconstructible depuis le master et les donnees conserves";"BC7DA9F6A6D894630EA2F4ACE6B667CB8C744AA50E48B58F55BB579470023313"
"V1/templates/11_GEO_NAZAR.psd";"27563425";"V1: ancien PSD de carte exporte, reconstructible depuis le master et les donnees conserves";"4CC265406B3CE110198B868240BDAE5AD137F627CC3961F3572D7A4046DC25D2"
"V1/templates/12_RAINBOW_KAYLIS.psd";"31934391";"V1: ancien PSD de carte exporte, reconstructible depuis le master et les donnees conserves";"7D9276D68E972F241E1D6B085C6C4010941F93CB3FE5854CF334461A91DBB3FB"
"V1/verification/galerie_1440.png";"1535771";"V1/V2/V3: rendu de verification ou capture regenerable, rapports et fixtures conserves";"E4DC674B04DB9AF2BD87109461971C0A161DA089157306939A2921F5EF4C4606"
"V1/verification/galerie_390.png";"361697";"V1/V2/V3: rendu de verification ou capture regenerable, rapports et fixtures conserves";"46DECF76744977E5168697CDDB7E7675769C05BDDE80B8DA0943A28F47E7590E"
"V1/verification/MASTER_SANS_CRISTAL.png";"4038748";"V1/V2/V3: rendu de verification ou capture regenerable, rapports et fixtures conserves";"DC0814EAC09A7966288F911965D7B47FFD621C20881E203110067D2568560A61"
"V1/verification/pdf-page-01.jpg";"71085";"V1/V2/V3: rendu de verification ou capture regenerable, rapports et fixtures conserves";"968C679A6FF674E1152A694F0BE6190F4DEA5F1DD8FFD7C7B5F6542BEC13593D"
"V1/verification/pdf-page-02.jpg";"73498";"V1/V2/V3: rendu de verification ou capture regenerable, rapports et fixtures conserves";"8852D9D8FC406DE38DB7028BC835153ED388D210F82EB9285C13E7608230FD5D"
"V1/verification/pdf-page-03.jpg";"76634";"V1/V2/V3: rendu de verification ou capture regenerable, rapports et fixtures conserves";"E453921019E0C568A25D8C60F783ED05095126F5DFD5AF7530AE790DF8DB7BF9"
"V1/verification/pdf-page-04.jpg";"74388";"V1/V2/V3: rendu de verification ou capture regenerable, rapports et fixtures conserves";"AE08044A5956E7E6720527C5E61D629206642B25C19B24BDF756A888A8ACA77A"
"V1/verification/pdf-page-05.jpg";"79908";"V1/V2/V3: rendu de verification ou capture regenerable, rapports et fixtures conserves";"6CFC2F5082C9DB384BE8AD4B62973876FB1E43A6DB4CC4F90B61AD383437F99A"
"V1/verification/pdf-page-06.jpg";"80615";"V1/V2/V3: rendu de verification ou capture regenerable, rapports et fixtures conserves";"F918E49891C52E21F0F9DF717B3CB20E4C7187EBA967013C34678E68727FC729"
"V1/verification/pdf-page-07.jpg";"79806";"V1/V2/V3: rendu de verification ou capture regenerable, rapports et fixtures conserves";"FCF8AC8B43FCEE1648B0BDB9AA5BD7B550CD25EA4839C77132B23149B15E1072"
"V1/verification/pdf-page-08.jpg";"82066";"V1/V2/V3: rendu de verification ou capture regenerable, rapports et fixtures conserves";"01D9B887D93DCB1492F61BF3BA8CD67B64FE6B400535DC65BBCB6204840BA6BE"
"V1/verification/pdf-page-09.jpg";"65901";"V1/V2/V3: rendu de verification ou capture regenerable, rapports et fixtures conserves";"ECFD2B7A8598EB7075ED4E79789F45009B342F4B3433927E16A952956E6D361E"
"V1/verification/pdf-page-10.jpg";"66111";"V1/V2/V3: rendu de verification ou capture regenerable, rapports et fixtures conserves";"D8D2D52D73BC3448078C72ED2377D3C82AEB8E0D53815A2750AD24440C89091F"
"V1/verification/pdf-page-11.jpg";"78486";"V1/V2/V3: rendu de verification ou capture regenerable, rapports et fixtures conserves";"81FE4F2DC8FA115ACA1D184C445DE04BC78C272C79E148BBD4D7271548A16CD6"
"V1/verification/pdf-page-12.jpg";"75375";"V1/V2/V3: rendu de verification ou capture regenerable, rapports et fixtures conserves";"38EAA6A1E240384F9A3104B04F8D082788A9F33A6C55A174F09D32B2595E4D77"
"V1/verification/SUPERPOSITION_MOMO_DARNAKO.png";"1773198";"V1/V2/V3: rendu de verification ou capture regenerable, rapports et fixtures conserves";"F222EE32933B80A87E3DC3648932C25321151ADEAD705BB0F4EA3181D333766B"
"V2/archives/avant-ajustements-2026-09-14/KALISTAR_V2_12_CARTES_BARCODE_NOIR.pdf";"52075798";"V2: ancien PDF/TIFF archive, sources et apercus conserves";"52E0F16B77CC074124443F1918FA09D8AAFC4E25A35CAF0CA4DE51D85F7C2562"
"V2/archives/avant-ajustements-2026-09-14/KALISTAR_V2_12_CARTES.pdf";"52073621";"V2: ancien PDF/TIFF archive, sources et apercus conserves";"84F1EA447901CDF6E0086CEA71E961B502D2A6E75C07CD4B8158466F4ACE2593"
"V2/impression/01_ELECTRO_MOMO.tif";"3742784";"V1/V2: export impression ancien, images de cartes conservees";"35196D6CCDC83095BD7AC254079284A78E85F450AEA61FDBB14F3552CAAD321A"
"V2/impression/02_AERO_CANA.tif";"3863272";"V1/V2: export impression ancien, images de cartes conservees";"F34E01C673CE06FFF652EF14B55FD243428B4232F2CD9103D1925C57AF033772"
"V2/impression/03_HYDRO_JULIENNE.tif";"3981728";"V1/V2: export impression ancien, images de cartes conservees";"954312F6F546EFF567C61AD519C172C0DD0629A4A778F45E5B8A4D8A744D0EED"
"V2/impression/04_PYRO_DARNAKO.tif";"3892460";"V1/V2: export impression ancien, images de cartes conservees";"0F4A0A1919D1A953395B08F725BE4FDA80FF2283E35EAC0A9ED5896705E95B69"
"V2/impression/05_CRYO_MALINIA.tif";"3940216";"V1/V2: export impression ancien, images de cartes conservees";"A1560387A6DF15876CCE55EABFC31ACC547FD76A21DF18F4B8612BE77466A219"
"V2/impression/06_LUXO_AELIS.tif";"3931564";"V1/V2: export impression ancien, images de cartes conservees";"9B9EA8570697E0587754F37543606A054C0A4050FCAD2255166B6F64127DA866"
"V2/impression/07_MINERO_BALMHYR.tif";"3868252";"V1/V2: export impression ancien, images de cartes conservees";"8D8936D953FF764AC2CD602D20D674925A6A4BC7DDE5CC1FBE3FBBE3371B2F19"
"V2/impression/08_HERBO_VICTORVINE.tif";"3921376";"V1/V2: export impression ancien, images de cartes conservees";"8CCD18C27892ABDFF05605297F3BDF69AA759A799716B647403D2687951BA54A"
"V2/impression/09_HEMATO_VERMINIA.tif";"3849180";"V1/V2: export impression ancien, images de cartes conservees";"8FE10A8157E03D347DBC5853E078380D56AC6C1F372E3ED9E3CE1B2F50BFB547"
"V2/impression/10_NECRO_ZVIRI.tif";"3619808";"V1/V2: export impression ancien, images de cartes conservees";"B76219C8671CF61F28F204D74F61EB1E78055FF59FAA488B7E6A1D5271E64185"
"V2/impression/11_GEO_NAZAR.tif";"3937164";"V1/V2: export impression ancien, images de cartes conservees";"0C2AAB1F3FC2F9D0DFA963F09592C70542237F619FB53D97072A0481B69A7497"
"V2/impression/12_RAINBOW_KAYLIS.tif";"3874692";"V1/V2: export impression ancien, images de cartes conservees";"998C4A315563024FB1EECF013788A7241EE6A95A0E80CA7EED533AB3153C73D0"
"V2/impression/13_ELECTRO_TAULIO.tif";"3822376";"V1/V2: export impression ancien, images de cartes conservees";"D90DD73FE40809542A8B6A8BC418A64BC4C5FE0F3251AE26E96F3590EDC4A24C"
"V2/impression/14_ELECTRO_MOMO_CARILLON.tif";"3703512";"V1/V2: export impression ancien, images de cartes conservees";"E8A0FE6C6576FE33BFE21731BAC5ADAE63CBF8BD5B7EB8051CBD4EB561E9A3D6"
"V2/impression/15_AERO_CANA_ADRESSE.tif";"3926212";"V1/V2: export impression ancien, images de cartes conservees";"F10B6D0919A0E979AF94D9F1E7E0685FE164F1D18107C5C279E5C1E0FB70F565"
"V2/impression/16_CRYO_MALINIA_DEGEL.tif";"3697888";"V1/V2: export impression ancien, images de cartes conservees";"18250929ACEE7ED8B72203B6D5D1AC5C7859D98F5E1D6D2F5949A7A26E58CCD9"
"V2/impression/17_LUXO_AELIS_VEILLE.tif";"3981820";"V1/V2: export impression ancien, images de cartes conservees";"048573D4F133598061BD770922FB7546CB95AE5EE81D36CA22A6E39B1F4C83A6"
"V2/impression/18_MINERO_LOK.tif";"3723776";"V1/V2: export impression ancien, images de cartes conservees";"1D68EA29F95527E1D2C681FE86D9D16033E65258C17852CB2E7AD4CB9E9443C2"
"V2/impression/19_MINERO_BELROG.tif";"3792212";"V1/V2: export impression ancien, images de cartes conservees";"B24C5DB9572C1A3452ADFB41DD211DF754C38917F057BA6FDA0506903E1B1825"
"V2/impression/20_HEMATO_VERMINIA_LIENS.tif";"3679832";"V1/V2: export impression ancien, images de cartes conservees";"EF0452CB58B115D555D43A435F6974E30838D664ED1B161BE616480FB21B2260"
"V2/impression/KALISTAR_V2_20_CARTES.pdf";"75901711";"V1/V2: export impression ancien, images de cartes conservees";"353DC1A6DCE37BD24BD0831F18ED13F5901C5C507F843772964820780E462BF9"
"V2/templates/02_AERO_CANA.psd";"27184035";"V2: ancien PSD de carte exporte, reconstructible depuis le master et les donnees conserves";"E2650EF604A947B2203BBA707EB7EB6A62F6C249144A648ADDFA308A08AE458B"
"V2/templates/03_HYDRO_JULIENNE.psd";"35974384";"V2: ancien PSD de carte exporte, reconstructible depuis le master et les donnees conserves";"9CA4604CD7AA9BFD2A69EE76FEB1ED38A7DD02E5EA7F788B0FFAEFA7BD40FC41"
"V2/templates/04_PYRO_DARNAKO.psd";"28348093";"V2: ancien PSD de carte exporte, reconstructible depuis le master et les donnees conserves";"51AA305F561E33FCF5FBEC03B2A25969C673EB3148356BCD544CE72683EAFC4C"
"V2/templates/05_CRYO_MALINIA.psd";"36061345";"V2: ancien PSD de carte exporte, reconstructible depuis le master et les donnees conserves";"51821F6FAC7B8B415E15EAA4D55475817B189BC437B74E4C78C956426DA580DE"
"V2/templates/06_LUXO_AELIS.psd";"36396900";"V2: ancien PSD de carte exporte, reconstructible depuis le master et les donnees conserves";"3EA7E3AD67E783440E9F4AE5B3C295BC0999613C6D61362D16FA173A94FDC9D0"
"V2/templates/07_MINERO_BALMHYR.psd";"30008557";"V2: ancien PSD de carte exporte, reconstructible depuis le master et les donnees conserves";"AEB876B86C632FD4EDA618906B5A9BDBD615519836737650F9D5955F7043AC10"
"V2/templates/08_HERBO_VICTORVINE.psd";"30791637";"V2: ancien PSD de carte exporte, reconstructible depuis le master et les donnees conserves";"3D34B0EE9B40F7E5CF0B0E397F9D04EF869AA2E1BF5FC21D05DCCCEDB725367A"
"V2/templates/09_HEMATO_VERMINIA.psd";"31321399";"V2: ancien PSD de carte exporte, reconstructible depuis le master et les donnees conserves";"327644AA1BD3E528A3CA67588939EF1CE06479DEB565E03E1342D62F39863CEE"
"V2/templates/10_NECRO_ZVIRI.psd";"25641734";"V2: ancien PSD de carte exporte, reconstructible depuis le master et les donnees conserves";"2907DFCD6FBCD2F1450D9032F9863C68C8748407C2AAF4A165816B81CB6821CA"
"V2/templates/11_GEO_NAZAR.psd";"29794239";"V2: ancien PSD de carte exporte, reconstructible depuis le master et les donnees conserves";"643ED0158EF394705749EFC84A5C00B2CC464E3CA4ECAACA47550F025539E29A"
"V2/templates/12_RAINBOW_KAYLIS.psd";"35863555";"V2: ancien PSD de carte exporte, reconstructible depuis le master et les donnees conserves";"FD6D03ED66A479D2A8749EF9FEB09CB2A5C14A3CC3ECEE2AD22E3BD22445175E"
"V2/templates/13_ELECTRO_TAULIO.psd";"30128659";"V2: ancien PSD de carte exporte, reconstructible depuis le master et les donnees conserves";"5E99B0B5D947468FDD8562856C616BC9340F9D76EB73B93EEEFF3C464AFCC0F0"
"V2/templates/14_ELECTRO_MOMO_CARILLON.psd";"34684497";"V2: ancien PSD de carte exporte, reconstructible depuis le master et les donnees conserves";"538072FCC1A7443AC7A96C65257A28B0C9BF05D14F3711B42B0E4496898E9D75"
"V2/templates/15_AERO_CANA_ADRESSE.psd";"28186546";"V2: ancien PSD de carte exporte, reconstructible depuis le master et les donnees conserves";"91B2C0762AB441796E5CB2400CC649B425C3A858C565A552BAE0F3E8F6AA7A94"
"V2/templates/16_CRYO_MALINIA_DEGEL.psd";"34896509";"V2: ancien PSD de carte exporte, reconstructible depuis le master et les donnees conserves";"D41AF13C124CECD9B86D4ADCC7B3E2C1BF608677E9D365FECE970A9F485C77DE"
"V2/templates/17_LUXO_AELIS_VEILLE.psd";"35734098";"V2: ancien PSD de carte exporte, reconstructible depuis le master et les donnees conserves";"4F10D8066FA05AF69AE71F6A834FB447EC62C00077A13B73DB9EBA4677F749C3"
"V2/templates/18_MINERO_LOK.psd";"27926187";"V2: ancien PSD de carte exporte, reconstructible depuis le master et les donnees conserves";"6E70E3D265FED146B30E36D3996B79AC9979CE8CD7E861B7EA5213408D7BE4B9"
"V2/templates/19_MINERO_BELROG.psd";"29347166";"V2: ancien PSD de carte exporte, reconstructible depuis le master et les donnees conserves";"2C8FBCD81D94B4A3C1CEAB928ABC6F885521E57C104DB1907169A805F0B32613"
"V2/templates/20_HEMATO_VERMINIA_LIENS.psd";"35191525";"V2: ancien PSD de carte exporte, reconstructible depuis le master et les donnees conserves";"11F6CC629EDD277BC63D420E1C629B220B94BBAD923EB7E7510005B67B68A087"
"V2/verification/flags_detoures.jpg";"131327";"V1/V2/V3: rendu de verification ou capture regenerable, rapports et fixtures conserves";"72350321B8B36805CA092CC7028BEC0D2554B8FEB5914FED7DBFB5139B87CBDF"
"V2/verification/galerie_1440.png";"1506664";"V1/V2/V3: rendu de verification ou capture regenerable, rapports et fixtures conserves";"C2AB6EE8A71A3A7F8D83DF462BA808A78F12E74416C431FC8AF774AFE0419ECF"
"V2/verification/galerie_390.png";"362352";"V1/V2/V3: rendu de verification ou capture regenerable, rapports et fixtures conserves";"E452469CD14994BE7BD693B22A71F2FCB46E1E5E83FD1120A4DEAFD460153871"
"V2/verification/icons_detoures.jpg";"132420";"V1/V2/V3: rendu de verification ou capture regenerable, rapports et fixtures conserves";"5E26A24EE3EE70CF070C63FA8E63CF74FC58BB9C1B72C5C7A7B1490252240852"
"V2/verification/MASTER_SANS_CRISTAL.png";"4038748";"V1/V2/V3: rendu de verification ou capture regenerable, rapports et fixtures conserves";"80DEF4392B644E406D72146F39338F89DB52EF8F9BDB8CD53956F20154B9E6CE"
"V2/verification/pdf-noir-01.jpg";"212044";"V1/V2/V3: rendu de verification ou capture regenerable, rapports et fixtures conserves";"ABA526F0D234BA8B0B0709026FF58120F338171027D520E999B60726C7393ECF"
"V2/verification/pdf-page-01.jpg";"74829";"V1/V2/V3: rendu de verification ou capture regenerable, rapports et fixtures conserves";"F77973FCF2F9C41223E9925B2EAADA65B96DC5F2DE354CB043BEB330B25CB137"
"V2/verification/pdf-page-02.jpg";"76462";"V1/V2/V3: rendu de verification ou capture regenerable, rapports et fixtures conserves";"9C8D02B2CB478314130599FFDA20CDEC63ED89388B9A4D924E4B1655429DBF4C"
"V2/verification/pdf-page-03.jpg";"81361";"V1/V2/V3: rendu de verification ou capture regenerable, rapports et fixtures conserves";"D13A6C6480E44C3632E4CDE2FD88BA2AF060B76F3B7E59D9F2CE52FC1730D430"
"V2/verification/pdf-page-04.jpg";"76868";"V1/V2/V3: rendu de verification ou capture regenerable, rapports et fixtures conserves";"04B5D38FFF2D8051778914B5EEE8030CE4319DD3BBDA56D87EC1336A0942B406"
"V2/verification/pdf-page-05.jpg";"80840";"V1/V2/V3: rendu de verification ou capture regenerable, rapports et fixtures conserves";"CAC9EEFBDEC2599BB7923F5FA914D76C71C3D9FFF25DCDEECE0BE48F9C971355"
"V2/verification/pdf-page-06.jpg";"78402";"V1/V2/V3: rendu de verification ou capture regenerable, rapports et fixtures conserves";"E7777834166EABB4BCD1256A6FB7B413F85D35C27B9FAC06E2FD3A3D45706F2E"
"V2/verification/pdf-page-07.jpg";"78029";"V1/V2/V3: rendu de verification ou capture regenerable, rapports et fixtures conserves";"1231DF85035060C42E5FB4620D7A20DCD3B0E94046880469CB341B5C030643CD"
"V2/verification/pdf-page-08.jpg";"83354";"V1/V2/V3: rendu de verification ou capture regenerable, rapports et fixtures conserves";"7F8F252ACE68B4ECC74AF6F6FC163DE3AC1AF7FCB0889E9AEA44C34FC8483FD8"
"V2/verification/pdf-page-09.jpg";"68006";"V1/V2/V3: rendu de verification ou capture regenerable, rapports et fixtures conserves";"16F37F4BDA9ED4BE29AD4BD5987E41EA1919B20785B404B487EEB08CB7734CE3"
"V2/verification/pdf-page-10.jpg";"74483";"V1/V2/V3: rendu de verification ou capture regenerable, rapports et fixtures conserves";"98C0628FC2A65B619F1441206561B9BB4D88FBA83134B5A30B0A31CF09E3DA38"
"V2/verification/pdf-page-11.jpg";"79512";"V1/V2/V3: rendu de verification ou capture regenerable, rapports et fixtures conserves";"A65BBE9D561062B64AC1DD53737A06B3BD242A9AE66CC39844C083423C8533D3"
"V2/verification/pdf-page-12.jpg";"73645";"V1/V2/V3: rendu de verification ou capture regenerable, rapports et fixtures conserves";"40E29D969E0DA57E5B9DC2C4A9C517C78054514E0B5761FCA82BCA66664139C1"
"V2/verification/catalogue/collection-1440.jpg";"317857";"V1/V2/V3: rendu de verification ou capture regenerable, rapports et fixtures conserves";"D6B2CFB47F85E67B97EAB9F6603280CA8F16B25D68C4AB747E3EB5C17DB5D8E7"
"V2/verification/catalogue/collection-2493.jpg";"538501";"V1/V2/V3: rendu de verification ou capture regenerable, rapports et fixtures conserves";"05EFB5AE33DFDCD254325FD0514C19C0AD160D288903D30C3D3DC2ACDD365C43"
"V2/verification/catalogue/collection-320.jpg";"70747";"V1/V2/V3: rendu de verification ou capture regenerable, rapports et fixtures conserves";"9ADC6C237CBFE496BC4F3FD490B5D7B2E464AECFD1955B07AE7A785E5C143CAB"
"V2/verification/catalogue/collection-390.jpg";"80830";"V1/V2/V3: rendu de verification ou capture regenerable, rapports et fixtures conserves";"165F0C0194C4314D1EFB0A3ED2774B309C1AB43F5A7ABEC7E3FD897602CBA040"
"V2/verification/catalogue/collection-768.jpg";"183217";"V1/V2/V3: rendu de verification ou capture regenerable, rapports et fixtures conserves";"926CB8B8F1249FF570CAE75A5A53465D342F7E6CE810A1DD73B5FE52EDBC5506"
"V2/verification/catalogue/momo-detail.jpg";"298161";"V1/V2/V3: rendu de verification ou capture regenerable, rapports et fixtures conserves";"6E510D38652824955CCE6EDBF5682AA93EC6D7AB6CDACB4BF182A3543EAD79AD"
"V2/verification/catalogue/palmares-320.jpg";"65966";"V1/V2/V3: rendu de verification ou capture regenerable, rapports et fixtures conserves";"51CD02FD03D5D60F9E7AA3A48E9405E15D7D81CAD7F1C4781B0A6F0A7C3BE1D7"
"V2/verification/catalogue/palmares-390.jpg";"77429";"V1/V2/V3: rendu de verification ou capture regenerable, rapports et fixtures conserves";"D7F1D3074B54F820DAC16A026D6888D6A6601DDE0E9BC13A55512A63A9F9F43F"
"V2/verification/catalogue/palmares-768.jpg";"121438";"V1/V2/V3: rendu de verification ou capture regenerable, rapports et fixtures conserves";"C475B26271899D2C69A0BD70EBE3912119547B737E77EDF0D81CDB2304FBE6AC"
"V2/verification/catalogue/palmares.jpg";"209314";"V1/V2/V3: rendu de verification ou capture regenerable, rapports et fixtures conserves";"3ACE0BEC2CA78B5AE16799D9CD2407434907CD948A08B1BB0C726C4F65B51861"
"V2/verification/challenge/aura-ELECTRO.png";"3016523";"V1/V2/V3: rendu de verification ou capture regenerable, rapports et fixtures conserves";"C430F9E96AB97D5558252604F807B28F774A04C94622B6D1F28B7E15D0022E8D"
"V2/verification/challenge/aura-PYRO.jpg";"560213";"V1/V2/V3: rendu de verification ou capture regenerable, rapports et fixtures conserves";"B921F31E5EB2EE60CFB48C31057197B30152CF243D0F4FB26C6EDA31B589EFB7"
"V2/verification/challenge/aura-PYRO.png";"3038241";"V1/V2/V3: rendu de verification ou capture regenerable, rapports et fixtures conserves";"D5CF22E0CD8E49752FBD99D74A8C941C9ABF6DBF828A9FAF09AB3ED8EE1B3879"
"V2/verification/challenge/bonus-card-popup.jpg";"349822";"V1/V2/V3: rendu de verification ou capture regenerable, rapports et fixtures conserves";"F77E96C4F959ECFC2D3B14EB6C59FD51050F5C05D26831E82CC9D79A0C7AF50C"
"V2/verification/challenge/bonus-card-popup.png";"1412570";"V1/V2/V3: rendu de verification ou capture regenerable, rapports et fixtures conserves";"2E64C25719EBD894E96C1C3247C1FA9642DAC2B83F89BF9FCAA9454BB8BE16AD"
"V2/verification/challenge/challenge-1440.png";"2217632";"V1/V2/V3: rendu de verification ou capture regenerable, rapports et fixtures conserves";"CEDE9FDC9454354A135511F906CF181FB3C6A3C0E0D030145CA2C45922BECBA0"
"V2/verification/challenge/challenge-2493.jpg";"816449";"V1/V2/V3: rendu de verification ou capture regenerable, rapports et fixtures conserves";"D2160760EE2136B8B985F0A473FBABB6CE46E4A49B0F6E00E7B7ABB0501DD349"
"V2/verification/challenge/challenge-2493.png";"4715393";"V1/V2/V3: rendu de verification ou capture regenerable, rapports et fixtures conserves";"43A22E853D50649AE53CACD2CA7A32FB3F6065B23CDEF29E3A7C7FA5AAE00411"
"V2/verification/challenge/challenge-320.png";"478506";"V1/V2/V3: rendu de verification ou capture regenerable, rapports et fixtures conserves";"8461922AFA3606D819AAD6A627E92E1EC931D9DE67572A8FEC90D5DFA7CDFD67"
"V2/verification/challenge/challenge-390.jpg";"118803";"V1/V2/V3: rendu de verification ou capture regenerable, rapports et fixtures conserves";"A124ACA29C53DED144FD3018884E7137CBD1AD6D9CF09EFC9FB1B965EC83F7CD"
"V2/verification/challenge/challenge-390.png";"578736";"V1/V2/V3: rendu de verification ou capture regenerable, rapports et fixtures conserves";"0C92098B6FAE654C47721A1DBA2D9DC64FF08A5026C4BD45A31551350D2CE7CC"
"V2/verification/challenge/challenge-768.png";"984870";"V1/V2/V3: rendu de verification ou capture regenerable, rapports et fixtures conserves";"32FAAE7C23EAD5E705337E41ECE9088B704A51D7FB021E3BAF3ECBB6C368D400"
"V2/verification/challenge/console-320.png";"219919";"V1/V2/V3: rendu de verification ou capture regenerable, rapports et fixtures conserves";"867440D14981877978E02EE0446378C4618F052E522419C60BA728FBF60127BE"
"V2/verification/challenge/console-390.jpg";"90075";"V1/V2/V3: rendu de verification ou capture regenerable, rapports et fixtures conserves";"D75ED81473F90862FF14C4AE7F64A91BD5964CAD7726B931BA80BF4EB894F272"
"V2/verification/challenge/console-390.png";"330771";"V1/V2/V3: rendu de verification ou capture regenerable, rapports et fixtures conserves";"EB0DAC138503AC7793417DF58319131AB27823F74004907035894A9EF411B32D"
"V2/verification/challenge/console-768.png";"987245";"V1/V2/V3: rendu de verification ou capture regenerable, rapports et fixtures conserves";"0785C7CEC677FFA36FEB9B8BE47BF29612519F2275E03D4B5B23832DE9EA1A2F"
"V2/verification/challenge/dodge-afterimages.png";"3018392";"V1/V2/V3: rendu de verification ou capture regenerable, rapports et fixtures conserves";"7E4B7FC9F92159187484B451D27D2F36A933FDF2D6FBEB2F36EFD9069BD2C915"
"V2/verification/challenge/dodge-dedicated.jpg";"532704";"V1/V2/V3: rendu de verification ou capture regenerable, rapports et fixtures conserves";"23F24798A9655B2B7129FD706BE302E05714FF088A46BB617AFAC9113D1CB6B7"
"V2/verification/challenge/dodge-dedicated.png";"3151694";"V1/V2/V3: rendu de verification ou capture regenerable, rapports et fixtures conserves";"AFDB61FBEED326B74DCD94EDB5BE7CFFA64CCC4A7FE177126E594418F6B71C4F"
"V2/verification/challenge/dodge-final.png";"3136884";"V1/V2/V3: rendu de verification ou capture regenerable, rapports et fixtures conserves";"FCBEE2569E9905C39EA244321FE2B5A231D3DB5C373CE6A9C9B56BE349E18491"
"V2/verification/challenge/duel-challenge.jpg";"550205";"V1/V2/V3: rendu de verification ou capture regenerable, rapports et fixtures conserves";"2ECCC2A44EA0CF99BCD7F4EB1138FF9628F17688CC4E01E2A2E71D2A3BDF62B8"
"V2/verification/challenge/duel-challenge.png";"3054436";"V1/V2/V3: rendu de verification ou capture regenerable, rapports et fixtures conserves";"7E9BD84DD657D67F91E33EAE23911E18E2B929BF78227C9EA5E6C85C0F5A5229"
"V2/verification/challenge/effect-retry.png";"3037802";"V1/V2/V3: rendu de verification ou capture regenerable, rapports et fixtures conserves";"AC268A6E5F927F0F481194B031B9C5D7979D0DA5B5A34B2E12A050E4147D5474"
"V2/verification/challenge/effect-revive.jpg";"530187";"V1/V2/V3: rendu de verification ou capture regenerable, rapports et fixtures conserves";"BC6CBFDD3A0EBC4986D1A18F00228FF34BA08137F054D1ABE797C9ACD665521F"
"V2/verification/challenge/effect-revive.png";"3040592";"V1/V2/V3: rendu de verification ou capture regenerable, rapports et fixtures conserves";"012496BBD8BD57C80A4FD7244761125A4FEA28A2047E388489A4E936FC9E3AE7"
"V2/verification/challenge/focused-320.png";"429202";"V1/V2/V3: rendu de verification ou capture regenerable, rapports et fixtures conserves";"EE1C8F9655FDF50A78B3447F2E49299CFF6C76B2F082DE1A39D08F20B0EB547C"
"V2/verification/challenge/focused-390.jpg";"107123";"V1/V2/V3: rendu de verification ou capture regenerable, rapports et fixtures conserves";"2FAAC2BA40052A41B6EF3C39A962B49C30434698681E854053842E7AE4553C68"
"V2/verification/challenge/focused-390.png";"492695";"V1/V2/V3: rendu de verification ou capture regenerable, rapports et fixtures conserves";"86FEB5DF9BBA9369E8DC78ABB7474E1F195C348133A5A213240ED246AF04B934"
"V2/verification/challenge/focused-768.png";"985108";"V1/V2/V3: rendu de verification ou capture regenerable, rapports et fixtures conserves";"6E79905F3DE302E0B5821F1673C9D6A0C0569B4F59DCFE5E02DA54A84B9CBA20"
"V2/verification/challenge/formation-drag.jpg";"568539";"V1/V2/V3: rendu de verification ou capture regenerable, rapports et fixtures conserves";"21191D2891855184F33D80576D730441229FCC18D3D529693C5D6152433AAB46"
"V2/verification/challenge/formation-drag.png";"2941527";"V1/V2/V3: rendu de verification ou capture regenerable, rapports et fixtures conserves";"6D8FD09E26DCC329FCE4BB6A4B6E665311826254B267959EA957F3179E36A59A"
"V2/verification/challenge/reanimation-dedicated.jpg";"545274";"V1/V2/V3: rendu de verification ou capture regenerable, rapports et fixtures conserves";"29EAF4C2D21E8407AD19057F5ED0F899B95CD67BF79A4C9493E72191088E6F73"
"V2/verification/challenge/reanimation-dedicated.png";"3145675";"V1/V2/V3: rendu de verification ou capture regenerable, rapports et fixtures conserves";"3ADF8375BE004D97ADDAC76DC9F911BE23736E77A0877CAE9C7EB60A41E74813"
"V2/verification/challenge/reanimation-final.png";"3152316";"V1/V2/V3: rendu de verification ou capture regenerable, rapports et fixtures conserves";"AC5DFA6767F943173501D5FF298AF98A6CC3911D1D76AF2B58B9E3209394EF50"
"V2/verification/challenge/reraise-reanimation.png";"3032679";"V1/V2/V3: rendu de verification ou capture regenerable, rapports et fixtures conserves";"93EBFDC0E81AB8869220D2285D61201F7656EC14CEC199CB7F14E62534382CB5"
"V2/verification/clover/card-high-resolution.png";"1430627";"V1/V2/V3: rendu de verification ou capture regenerable, rapports et fixtures conserves";"327A8AC23DD66583D1668DDA34485A3DC85B39D1C3683FDFD4EDC034D55EFD7D"
"V2/verification/clover/clover-grant.jpg";"3509313";"V1/V2/V3: rendu de verification ou capture regenerable, rapports et fixtures conserves";"6B1602B151262AFA6814D1A09BAC1103FB8E17DA61E5206462959B82F7FAB215"
"V2/verification/clover/duel-1440.jpg";"1785836";"V1/V2/V3: rendu de verification ou capture regenerable, rapports et fixtures conserves";"884352BD5A9B7D1C0A2135EC953DF44E25044ACA347B2B8A26ECE18EF0CC6FE8"
"V2/verification/clover/duel-390.jpg";"436357";"V1/V2/V3: rendu de verification ou capture regenerable, rapports et fixtures conserves";"39D021F073057A5184162F9BB6D0436B41A86F5AA9E0650EEDFD389489099F26"
"V2/verification/clover/duel-768.jpg";"836095";"V1/V2/V3: rendu de verification ou capture regenerable, rapports et fixtures conserves";"CCE93FED3C774684E2098173178662BB194F8B01EBD0DF9845806DE3CE20B067"
"V2/verification/clover/duel-high-resolution.jpg";"3327557";"V1/V2/V3: rendu de verification ou capture regenerable, rapports et fixtures conserves";"72B98771B0DE375D8B58B9D7583284AD396FB28DECD1EE0AFF72F885EED19DFF"
"V2/verification/clover/second-chance-effect.jpg";"3329593";"V1/V2/V3: rendu de verification ou capture regenerable, rapports et fixtures conserves";"40FEEDF02FE284506B220A5FA496457C0A620874842E491044F47E023BE34827"
"V2/verification/combat/magic-ELECTRO.jpg";"576388";"V1/V2/V3: rendu de verification ou capture regenerable, rapports et fixtures conserves";"1B7C842887849656AD7295DDD02969E94B881BB5D5A9729BF838210295A510F9"
"V2/verification/combat/magic-ELECTRO.png";"3129934";"V1/V2/V3: rendu de verification ou capture regenerable, rapports et fixtures conserves";"A6B617054C4C87A2FA271E85DB0BF16D3CE2C74E58D63907D3D6D41CB72CF9A4"
"V2/verification/combat/magic-HEMATO.png";"3131050";"V1/V2/V3: rendu de verification ou capture regenerable, rapports et fixtures conserves";"C039E154C4C9C6864E48426085184EC7A1F003BEEBBA0F4255AC645836B4699D"
"V2/verification/combat/magic-RAINBOW.png";"3138820";"V1/V2/V3: rendu de verification ou capture regenerable, rapports et fixtures conserves";"B6F469899B38E8A7065D969246EA0A52B75A7F742F877979A695141B855A274C"
"V2/verification/combat/physical-shield.jpg";"568352";"V1/V2/V3: rendu de verification ou capture regenerable, rapports et fixtures conserves";"347D61B5960127FE16B6641E4B88C1735C401A28423F07AEDC2DB8313B127DDB"
"V2/verification/combat/physical-shield.png";"3129847";"V1/V2/V3: rendu de verification ou capture regenerable, rapports et fixtures conserves";"163E452C3A060E58C459D5A7E12A6298B7667FC1F3617980CB070D992B22E565"
"V2/verification/combat/recap-1440.png";"2319977";"V1/V2/V3: rendu de verification ou capture regenerable, rapports et fixtures conserves";"1D15474FCD9701414EF022B0B9823D5C53FB0CD084809A68CEA02F900C322D36"
"V2/verification/combat/recap-1920.png";"3144916";"V1/V2/V3: rendu de verification ou capture regenerable, rapports et fixtures conserves";"ABDC30FD69AB99978A40FC9AAEA6154D3C19EBA35AB40DF3C55FDD908E0843AA"
"V2/verification/combat/recap-2493.jpg";"849924";"V1/V2/V3: rendu de verification ou capture regenerable, rapports et fixtures conserves";"E62689C3551299FF8175A348C825DC1964360E5F810206E1E3ACCB1BBF91CB1B"
"V2/verification/combat/recap-2493.png";"4823673";"V1/V2/V3: rendu de verification ou capture regenerable, rapports et fixtures conserves";"E9E020B0508A0D7B3C6E3B1E42061F4A71A9E5807C88075492F57B46A75046C4"
"V2/verification/combat/recap-320.png";"479259";"V1/V2/V3: rendu de verification ou capture regenerable, rapports et fixtures conserves";"614F79204F0ED7F6F6507FD5256FE3FB499A0AF398CA0D8C8ADB638EF13469D4"
"V2/verification/combat/recap-390.png";"580947";"V1/V2/V3: rendu de verification ou capture regenerable, rapports et fixtures conserves";"4137174B21F69336FA489D58DFF3F5D80214ECC7459519D4B8524C200F10C0FF"
"V2/verification/combat/recap-768.png";"1070964";"V1/V2/V3: rendu de verification ou capture regenerable, rapports et fixtures conserves";"57586732D61CD66F1B726D06CBCC9E0C3590FE9AF81E6967FD38D84B6AB56140"
"V2/verification/combat/recap-center-320.jpg";"68876";"V1/V2/V3: rendu de verification ou capture regenerable, rapports et fixtures conserves";"1736EE14A71E07569270ECCC523936AF6B892FF9492A3292CC971448615A281A"
"V2/verification/combat/recap-center-320.png";"301509";"V1/V2/V3: rendu de verification ou capture regenerable, rapports et fixtures conserves";"C440F9DB8B3980A89C1BAF365340842FBEAF186CE101FE2415C94E5F13900EC6"
"V2/verification/combat/recap-center-390.jpg";"84871";"V1/V2/V3: rendu de verification ou capture regenerable, rapports et fixtures conserves";"6720C9945C20C8CDEDBC150097ACF2220832BF3DD590F508A901BCC00AF203D5"
"V2/verification/combat/recap-center-390.png";"413361";"V1/V2/V3: rendu de verification ou capture regenerable, rapports et fixtures conserves";"48C0BEA469B057520BA3FC01DB5BCC9AAA1F1712B1A33E098E846BF2C2BDF23D"
"V2/verification/combat/recap-center-768.png";"1073133";"V1/V2/V3: rendu de verification ou capture regenerable, rapports et fixtures conserves";"E047408144C7F291FAB49844A35D9EF45311E67003F7D24D415ED707275A4957"
"V2/verification/console/button-casting.jpg";"739337";"V1/V2/V3: rendu de verification ou capture regenerable, rapports et fixtures conserves";"D36861DA554E2A750FCB1385B59FC2FEF2E19DB97609002F0DC88328A48EC44E"
"V2/verification/console/button-pressed.png";"13619";"V1/V2/V3: rendu de verification ou capture regenerable, rapports et fixtures conserves";"91DEBCAD95FE76DC200108C2AA69921993274B9C4E6867E78D1316B53DC8C2E7"
"V2/verification/console/button-ready.jpg";"743064";"V1/V2/V3: rendu de verification ou capture regenerable, rapports et fixtures conserves";"6B91B96B682ACAA04A8C2D2A740FF21F628B360F22B3D048B9B43DBDB4A311B5"
"V2/verification/console/console-1440.jpg";"563184";"V1/V2/V3: rendu de verification ou capture regenerable, rapports et fixtures conserves";"0085E09BC850D9D608498C92D741CB3ED0EAE27D8F12429E85155CC53F239223"
"V2/verification/console/console-2493.jpg";"1085423";"V1/V2/V3: rendu de verification ou capture regenerable, rapports et fixtures conserves";"4633B986D90DD65168C29C59BEBCD298CBB273EBD61B1A2A0D0628B99F1354BC"
"V2/verification/console/console-320.jpg";"97868";"V1/V2/V3: rendu de verification ou capture regenerable, rapports et fixtures conserves";"84EB558DD09DF3783271D4A4008B6EC1C10B9E1B787EB7EDAB756CF3F17C2044"
"V2/verification/console/console-390.jpg";"128198";"V1/V2/V3: rendu de verification ou capture regenerable, rapports et fixtures conserves";"D4F511A4366A6D6338EDB540791A30ACAAA77E855F55ADA9AC9C9E4DAD9B27D1"
"V2/verification/console/console-768.jpg";"275980";"V1/V2/V3: rendu de verification ou capture regenerable, rapports et fixtures conserves";"92E1177C8BC58B0705221A9E130D8507697BF169420D8D116456C32E56D340F7"
"V2/verification/console/selection-bonus.jpg";"740034";"V1/V2/V3: rendu de verification ou capture regenerable, rapports et fixtures conserves";"D47D4B6FD04896B13F299F0D7BF458911AEB2A4D8245A58188BA0AB26EC080C7"
"V2/verification/console-fit/potion-1100.jpg";"64194";"V1/V2/V3: rendu de verification ou capture regenerable, rapports et fixtures conserves";"DDE5840282EA1A8C00E6970081B016483C0C24F401E966AF9114E3E9C5B51CC1"
"V2/verification/console-fit/potion-1440.jpg";"67317";"V1/V2/V3: rendu de verification ou capture regenerable, rapports et fixtures conserves";"F9E7FC690648C406C9B25E8EFEAA68FD33F4EEDBB96FCB8CA1803EAC2A007027"
"V2/verification/console-fit/potion-2493.jpg";"71231";"V1/V2/V3: rendu de verification ou capture regenerable, rapports et fixtures conserves";"CC0ECDF08F3BF828D6DE5FDE1DDF7CE2F1861EE470E0B136E022F2ABE126FC19"
"V2/verification/console-fit/potion-320.jpg";"59133";"V1/V2/V3: rendu de verification ou capture regenerable, rapports et fixtures conserves";"A7CBDBC12BF6DDC7EEDD4F5D4FD09ABDF08390B6ED18D221E6C59F51DC0CA685"
"V2/verification/console-fit/potion-390.jpg";"59133";"V1/V2/V3: rendu de verification ou capture regenerable, rapports et fixtures conserves";"A7CBDBC12BF6DDC7EEDD4F5D4FD09ABDF08390B6ED18D221E6C59F51DC0CA685"
"V2/verification/console-fit/potion-768.jpg";"61648";"V1/V2/V3: rendu de verification ou capture regenerable, rapports et fixtures conserves";"71C1943F8020ADAA5FF5057EDFB9DDF5157F8C0DF7A05BAD2133B8D195E23AB6"
"V2/verification/console-fit/result-numeric-1100.jpg";"66263";"V1/V2/V3: rendu de verification ou capture regenerable, rapports et fixtures conserves";"7CEABE96B2A689D84FDBF0000184318EA36DFAB311F8835ECB5582940089CBD3"
"V2/verification/console-fit/result-numeric-1440.jpg";"69944";"V1/V2/V3: rendu de verification ou capture regenerable, rapports et fixtures conserves";"EB385508BD363F5FC6840C8FE5A52B1001D41F18E19E21AEEED993B0EC62443B"
"V2/verification/console-fit/result-numeric-2493.jpg";"76558";"V1/V2/V3: rendu de verification ou capture regenerable, rapports et fixtures conserves";"83F1F96AABE529617E03E78967CADB1B8E28C48C098F0E9C2E757BA14F24AF97"
"V2/verification/console-fit/result-numeric-320.jpg";"59420";"V1/V2/V3: rendu de verification ou capture regenerable, rapports et fixtures conserves";"1B112801C3077DCEEB8DF6F9AB92338320EEF2816749D24DD4410A1095D04053"
"V2/verification/console-fit/result-numeric-390.jpg";"59420";"V1/V2/V3: rendu de verification ou capture regenerable, rapports et fixtures conserves";"1B112801C3077DCEEB8DF6F9AB92338320EEF2816749D24DD4410A1095D04053"
"V2/verification/console-fit/result-numeric-768.jpg";"66291";"V1/V2/V3: rendu de verification ou capture regenerable, rapports et fixtures conserves";"EFE92CF0AD4935E6FAD2653FCDF08796A54CE82AA4C0600D136E82826145A586"
"V2/verification/console-fit/setup-1100.jpg";"67289";"V1/V2/V3: rendu de verification ou capture regenerable, rapports et fixtures conserves";"4CFBAD4D6A9C005752FE30A8E1EF905750F209D18A8F176458F7E1906C04E43E"
"V2/verification/console-fit/setup-1440.jpg";"71120";"V1/V2/V3: rendu de verification ou capture regenerable, rapports et fixtures conserves";"FED6454FBAB9C3C2D0FAD7ACF0BE32EB41E758CE7E67D9141FCE2E1000208AC5"
"V2/verification/console-fit/setup-2493.jpg";"74677";"V1/V2/V3: rendu de verification ou capture regenerable, rapports et fixtures conserves";"71AFEDD58328BB452499EFB4C5341F0FED46AED9AB77572D8C24137131F32F48"
"V2/verification/console-fit/setup-320.jpg";"61670";"V1/V2/V3: rendu de verification ou capture regenerable, rapports et fixtures conserves";"685F50FF142D3C905EA47586B6E56D4914E157E5B57D3F9213584CFBD5660D76"
"V2/verification/console-fit/setup-390.jpg";"61670";"V1/V2/V3: rendu de verification ou capture regenerable, rapports et fixtures conserves";"685F50FF142D3C905EA47586B6E56D4914E157E5B57D3F9213584CFBD5660D76"
"V2/verification/console-fit/setup-768.jpg";"64501";"V1/V2/V3: rendu de verification ou capture regenerable, rapports et fixtures conserves";"6288403110BC6FC3801BAF6FC4348960435FF47EF52CE4E4BD42F96A8322921A"
"V2/verification/cross/board-1440.png";"2273143";"V1/V2/V3: rendu de verification ou capture regenerable, rapports et fixtures conserves";"8619BD97F21A5BA37DCFC920D6C1E9EE800BC6B0C88CBAE70DD8D12BA0DDB099"
"V2/verification/cross/board-1920.jpg";"578104";"V1/V2/V3: rendu de verification ou capture regenerable, rapports et fixtures conserves";"F418091A4628EEDAC85F63E2981F1FE5E54CD6449E2C91DF58EA31D24AB7BD92"
"V2/verification/cross/board-1920.png";"3114964";"V1/V2/V3: rendu de verification ou capture regenerable, rapports et fixtures conserves";"2BAAD114AC5BF6B69BFB02714FC37CEB85F053EF59D2078B5D67D7BCF09A96AA"
"V2/verification/cross/board-2493.jpg";"888387";"V1/V2/V3: rendu de verification ou capture regenerable, rapports et fixtures conserves";"56FD6EC31F6F9BCBF2D0C661845DF7A42A57389B544197B211E7F8C529E265F9"
"V2/verification/cross/board-2493.png";"4826684";"V1/V2/V3: rendu de verification ou capture regenerable, rapports et fixtures conserves";"5F210FA78335E6AEBD88C0A8901907B50181934DC98AE071C67D63213D688593"
"V2/verification/cross/board-390.png";"589668";"V1/V2/V3: rendu de verification ou capture regenerable, rapports et fixtures conserves";"2270532CD1FD823FE18B78B48E44245A486C2258A49D9535DC4FE5F969697AC3"
"V2/verification/cross/board-768.png";"1091665";"V1/V2/V3: rendu de verification ou capture regenerable, rapports et fixtures conserves";"30C489E89E7533BD5100CB5CBAF30A8C7391E39C6174101026016A4C87C24FED"
"V2/verification/cross/dice-in-motion.jpg";"494228";"V1/V2/V3: rendu de verification ou capture regenerable, rapports et fixtures conserves";"10B3D2ED5308C2236C8D13E8AC7FB7ECFA385B61770D1B0C0908BB1C3A5CB621"
"V2/verification/cross/dice-in-motion.png";"2886492";"V1/V2/V3: rendu de verification ou capture regenerable, rapports et fixtures conserves";"B9801DC96DCCF813D5FAA0C2289E737190478BB37CD7976361B004C949B13B05"
"V2/verification/cross/dice-landed.png";"2877368";"V1/V2/V3: rendu de verification ou capture regenerable, rapports et fixtures conserves";"2247ED64A8AB024CF2AF4F5DC553C320067777BE4A4D7D59C45BDA0BA58C0180"
"V2/verification/cross/mobile-dice.jpg";"71135";"V1/V2/V3: rendu de verification ou capture regenerable, rapports et fixtures conserves";"F87004677A06A5F313E15F53E5858AB812AB83CC16C3AE2ED798E9656291C62C"
"V2/verification/cross/mobile-dice.png";"280321";"V1/V2/V3: rendu de verification ou capture regenerable, rapports et fixtures conserves";"E3C7388F7BFCC96E153F7FFFD6A1DFEF6708C8A8BDD1ECA2AF6E712B5FE59980"
"V2/verification/cross/mobile-right.jpg";"91243";"V1/V2/V3: rendu de verification ou capture regenerable, rapports et fixtures conserves";"F181DA8F6AC0FFC8EF7BE361E5B1376AE98270BAF1F5A13E96550367C577DEC6"
"V2/verification/cross/mobile-right.png";"391345";"V1/V2/V3: rendu de verification ou capture regenerable, rapports et fixtures conserves";"41F9F6A1BDFCE334D19FB00C11100CA6449B8FA1D89E18BF6C29E88291EB3335"
"V2/verification/heart/gift-animation.jpg";"770374";"V1/V2/V3: rendu de verification ou capture regenerable, rapports et fixtures conserves";"ACF60E9656EC123CF6B3C2DACDA0530ADEB4CF4C73F80253F5CBE35A73890FBB"
"V2/verification/heart/heart-choice-1440.jpg";"530183";"V1/V2/V3: rendu de verification ou capture regenerable, rapports et fixtures conserves";"46EE36A9F9147F44AF5B7FCBE3E2C5AA9871E4FCCF4F933EF8B876EE3ED34776"
"V2/verification/heart/heart-choice-2493.jpg";"758438";"V1/V2/V3: rendu de verification ou capture regenerable, rapports et fixtures conserves";"56173D09C5A8A20D8CD8D53AB5B5278B6AD90B42FFC974942626256C2D7A24D2"
"V2/verification/heart/heart-choice-320.jpg";"83688";"V1/V2/V3: rendu de verification ou capture regenerable, rapports et fixtures conserves";"B80F81C0B1BD7A43C269EE4AB457B0E10A319608D94D15706B63D5002E9617A6"
"V2/verification/heart/heart-choice-390.jpg";"99652";"V1/V2/V3: rendu de verification ou capture regenerable, rapports et fixtures conserves";"46296552CE3E1727FEC27F36DEBF8264B9673329AE586E1925153998D216934E"
"V2/verification/match/arena-forge.jpg";"685009";"V1/V2/V3: rendu de verification ou capture regenerable, rapports et fixtures conserves";"0DD40DB0C69AB51A32FDF246AD1A68D32DCEFEB8333B47F5A9A1962A5C7E2597"
"V2/verification/match/arena-picker-1440.jpg";"239509";"V1/V2/V3: rendu de verification ou capture regenerable, rapports et fixtures conserves";"15F6A46DFD84AD3126708576E38A0BD559650939A70AE16125903B9128BAB419"
"V2/verification/match/arena-picker-2493.jpg";"248053";"V1/V2/V3: rendu de verification ou capture regenerable, rapports et fixtures conserves";"874E40901D036F4DF1AF1BC33EF3C283100590530AE57AD69B082FA43330EC94"
"V2/verification/match/arena-picker-320.jpg";"88890";"V1/V2/V3: rendu de verification ou capture regenerable, rapports et fixtures conserves";"A96F1B41A195CDC6C0D7AA1B5A79624337DE67940E18DDE27E32F6F915E2DD13"
"V2/verification/match/arena-picker-390.jpg";"86150";"V1/V2/V3: rendu de verification ou capture regenerable, rapports et fixtures conserves";"47FD398F9E6FCDC20FC3586F1EBFA45FF71AAF34DF84C217281655B9D0309A5E"
"V2/verification/match/arena-picker-768.jpg";"140080";"V1/V2/V3: rendu de verification ou capture regenerable, rapports et fixtures conserves";"96782AA1328F74922B58970F4639C269A0FBCDBAE0AA8A28454BC97DF84727D3"
"V2/verification/match/arena-ruins.jpg";"738105";"V1/V2/V3: rendu de verification ou capture regenerable, rapports et fixtures conserves";"3FA3CF68E879627FDB279036DE95D2387CD985847AD0A4E108CCAA68D27E945D"
"V2/verification/match/arena-sanctuary.jpg";"732671";"V1/V2/V3: rendu de verification ou capture regenerable, rapports et fixtures conserves";"268731A12B84D24348EFA7903AD899436D54E929576EC3BC334FB10845C9F18E"
"V2/verification/match/arena-selection.jpg";"264113";"V1/V2/V3: rendu de verification ou capture regenerable, rapports et fixtures conserves";"8AE516517B5F6A6C19749D931701DE55E90530D608096F9680C1050D9F115557"
"V2/verification/match/match-1440.jpg";"295741";"V1/V2/V3: rendu de verification ou capture regenerable, rapports et fixtures conserves";"85343FA67D2C6E383C933ABB5D097AC1D8669A948D13D2CB4A30DE7885C44F38"
"V2/verification/match/match-2493.jpg";"340446";"V1/V2/V3: rendu de verification ou capture regenerable, rapports et fixtures conserves";"5239DE0EE8BF442B357B1322A21A8BDCDE4F68F4734DE4FF2E338DE2CA0D5F50"
"V2/verification/match/match-320.jpg";"100326";"V1/V2/V3: rendu de verification ou capture regenerable, rapports et fixtures conserves";"B825A62260753D53EC84FA56435A5CD702F6D6F2341783FA321D4F7583072A06"
"V2/verification/match/match-390.jpg";"118988";"V1/V2/V3: rendu de verification ou capture regenerable, rapports et fixtures conserves";"2D7EFE3234AFC91CF426970247BF72943B9B7FE822740FA104A680E3C0C0B62B"
"V2/verification/match/match-768.jpg";"182367";"V1/V2/V3: rendu de verification ou capture regenerable, rapports et fixtures conserves";"684883E30C966CE0ACE8A057ABAD33DF2C36F8C5A3B1F17E08C5A36A50B1A17E"
"V2/verification/match/match-desktop.jpg";"312168";"V1/V2/V3: rendu de verification ou capture regenerable, rapports et fixtures conserves";"3A621C040CBE860B40E448E91CEB9CFD54F26D9CA37B302235033515B408E905"
"V2/verification/match/scores-side-0.jpg";"713560";"V1/V2/V3: rendu de verification ou capture regenerable, rapports et fixtures conserves";"2242A4847053F3B1D27A1BB6E2107B25E9B13519890107941485EF3A5E1E934D"
"V2/verification/match/scores-side-1.jpg";"718445";"V1/V2/V3: rendu de verification ou capture regenerable, rapports et fixtures conserves";"E94849AAA4222D2028F14DE5C1A6C8ECBE2267243D1500510BEF9B8F26DE340E"
"V2/verification/pdf20/card-01.png";"1492038";"V1/V2/V3: rendu de verification ou capture regenerable, rapports et fixtures conserves";"DFA647C095A2BF816D1AE9A02A3798983965EA9D414A9C08163D91E9B7D8CE39"
"V2/verification/pdf20/card-02.png";"1541637";"V1/V2/V3: rendu de verification ou capture regenerable, rapports et fixtures conserves";"0DD34D5DDD28A89403D56918D7A270A197FFC24263DA317D6F0A6EAE1DF6F857"
"V2/verification/pdf20/card-03.png";"1639105";"V1/V2/V3: rendu de verification ou capture regenerable, rapports et fixtures conserves";"7134438C0F58E18C957D30004DD6132952F3CC94898139D8DB4E49A7A6B01268"
"V2/verification/pdf20/card-04.png";"1476434";"V1/V2/V3: rendu de verification ou capture regenerable, rapports et fixtures conserves";"53089238697B326F4A9AC1B2D852F3C0C88413D866C6C1B5239E1E66AFFA6FD7"
"V2/verification/pdf20/card-05.png";"1657690";"V1/V2/V3: rendu de verification ou capture regenerable, rapports et fixtures conserves";"F490DCD9BDEA01C2D8C78DA46C9985464A443F0269D80DFF7AD9E0F8205FE03A"
"V2/verification/pdf20/card-06.png";"1563244";"V1/V2/V3: rendu de verification ou capture regenerable, rapports et fixtures conserves";"6E6066D82F348DCF1320092D0AAC03406DDAE2D9AD804714032461E82972158E"
"V2/verification/pdf20/card-07.png";"1521013";"V1/V2/V3: rendu de verification ou capture regenerable, rapports et fixtures conserves";"00186B6C9F0C7B1B7B3057CE8FBC83A2660D5941A025D3803C8ED27101E84232"
"V2/verification/pdf20/card-08.png";"1538470";"V1/V2/V3: rendu de verification ou capture regenerable, rapports et fixtures conserves";"E7615510E0F3C8BDFEF52D8321AE5A34826B35D879AE10083B5BBBD906E1CE2E"
"V2/verification/pdf20/card-09.png";"1436333";"V1/V2/V3: rendu de verification ou capture regenerable, rapports et fixtures conserves";"CB1B755F663BB359CCFBE929F5FC83EB0F1873D9409F490B629008576A489465"
"V2/verification/pdf20/card-10.png";"1329251";"V1/V2/V3: rendu de verification ou capture regenerable, rapports et fixtures conserves";"F2005E7A819F0FD8DB1A4F1532C8C49E2CDDF7604FF6D525233B711D7220552B"
"V2/verification/pdf20/card-11.png";"1539972";"V1/V2/V3: rendu de verification ou capture regenerable, rapports et fixtures conserves";"205FBF81C559AF0A0B87B3529C952AAF389CD796080128A928D39769651C4AFA"
"V2/verification/pdf20/card-12.png";"1493328";"V1/V2/V3: rendu de verification ou capture regenerable, rapports et fixtures conserves";"4F79D2344442998600376B4BFCECA0F161974CD78F0FC55D7F3901639C925427"
"V2/verification/pdf20/card-13.png";"1470743";"V1/V2/V3: rendu de verification ou capture regenerable, rapports et fixtures conserves";"4F0EAC8F934AE969E9F1D28743493CDD9F2F96499C5D746A5FEE1BCC53A5540E"
"V2/verification/pdf20/card-14.png";"1487606";"V1/V2/V3: rendu de verification ou capture regenerable, rapports et fixtures conserves";"AD5EC590FB4DAD24830D6E18522AEAA0BD1213FEA02FC084D366DFCE90E4A609"
"V2/verification/pdf20/card-15.png";"1502202";"V1/V2/V3: rendu de verification ou capture regenerable, rapports et fixtures conserves";"5304085AD3921F077BAD317FAC342D4F3EA1F220B01AE472DBCA064F60ADF195"
"V2/verification/pdf20/card-16.png";"1563187";"V1/V2/V3: rendu de verification ou capture regenerable, rapports et fixtures conserves";"163FA47C032A463381FC3B55CC74B6F1E3E5C9D0160CF7B7F8FD9A521DA7019D"
"V2/verification/pdf20/card-17.png";"1576135";"V1/V2/V3: rendu de verification ou capture regenerable, rapports et fixtures conserves";"5BE3B82D3BFF640E734FDB8DD854E3A22F44EF097852EBCCCDC963DB017F9FF8"
"V2/verification/pdf20/card-18.png";"1417666";"V1/V2/V3: rendu de verification ou capture regenerable, rapports et fixtures conserves";"EC1D3A9352137C870FCFF8D4A1A0507C8F262D0FE2BDB4C638D9F2EDFF4361CE"
"V2/verification/pdf20/card-19.png";"1525693";"V1/V2/V3: rendu de verification ou capture regenerable, rapports et fixtures conserves";"EEE9A2EDBA7B219B866B8E997CA6D46420884CA79DB8CC32BBDDB743B77062A7"
"V2/verification/pdf20/card-20.png";"1343442";"V1/V2/V3: rendu de verification ou capture regenerable, rapports et fixtures conserves";"58C5114D3A8E3E2ABC43F1C19E5A720D39C92F12004D292BCB31CF9A0121700A"
"V2/verification/pdf20/contact.jpg";"1155648";"V1/V2/V3: rendu de verification ou capture regenerable, rapports et fixtures conserves";"7D30A74206D229A24385644E8C5F4925FB66A8EBB58A1D660F1CA0F4558D076E"
"V2/verification/revision/13_ELECTRO_TAULIO.jpg";"432646";"V1/V2/V3: rendu de verification ou capture regenerable, rapports et fixtures conserves";"6FB9CE1879C50D74E44FA9150F26835D86232F5484F049D2F28E41AEC9A0968E"
"V2/verification/revision/14_ELECTRO_MOMO_CARILLON.jpg";"407035";"V1/V2/V3: rendu de verification ou capture regenerable, rapports et fixtures conserves";"E92A4C08927E9D7EC7D2580160CA7EF4C4EF7D4463A92C56AE80E9F00A242DC7"
"V2/verification/revision/15_AERO_CANA_ADRESSE.jpg";"424134";"V1/V2/V3: rendu de verification ou capture regenerable, rapports et fixtures conserves";"6C42F95476BFCB0792BC2456310A7F7AC0555BCAB385AE1AFC7C88BDE135ED16"
"V2/verification/revision/16_CRYO_MALINIA_DEGEL.jpg";"423844";"V1/V2/V3: rendu de verification ou capture regenerable, rapports et fixtures conserves";"C683E9DFED78047320A366AD8B28722270D824AC238FF98598E64D33D12BE628"
"V2/verification/revision/17_LUXO_AELIS_VEILLE.jpg";"442020";"V1/V2/V3: rendu de verification ou capture regenerable, rapports et fixtures conserves";"6FA6E59FBA6046EC04D01616F1FA3E8978733ADEC1FE654A8D868CAE3ECA018E"
"V2/verification/revision/18_MINERO_LOK.jpg";"390335";"V1/V2/V3: rendu de verification ou capture regenerable, rapports et fixtures conserves";"F6257B91F01D151C59B46B9E56A876B6E37FA1458B2D34D6F568BF8D158E6783"
"V2/verification/revision/19_MINERO_BELROG.jpg";"418801";"V1/V2/V3: rendu de verification ou capture regenerable, rapports et fixtures conserves";"E76E81C0840635B2BBC631EF2001CB8DF6D6F3EC40373E33CEF8F781310C4EB7"
"V2/verification/revision/20_HEMATO_VERMINIA_LIENS.jpg";"384097";"V1/V2/V3: rendu de verification ou capture regenerable, rapports et fixtures conserves";"C7EBABCC396C306B93451469CB80E8194360F5C2F653E8034FA38F567F517467"
"V2/verification/revision/momo_corrige.jpg";"517751";"V1/V2/V3: rendu de verification ou capture regenerable, rapports et fixtures conserves";"DD02581AF32C431AA43D95AEE4A4D7DB649C46A2E057CDD6BF0B8A89C15EBA07"
"V2/verification/site/arena-1920.png";"3134730";"V1/V2/V3: rendu de verification ou capture regenerable, rapports et fixtures conserves";"10B9FA341CBB85EEE505F646706DFFA6A006DDCA8AC8861CDA0B06C628E81C6C"
"V2/verification/site/arena-320.png";"485729";"V1/V2/V3: rendu de verification ou capture regenerable, rapports et fixtures conserves";"92EE33A41FD8573DAAC958CDED8C41B2FD01438C39D847724BED1CBF81E455CE"
"V2/verification/site/arena-390.png";"585611";"V1/V2/V3: rendu de verification ou capture regenerable, rapports et fixtures conserves";"243C5A018D9B581F8A3F09DFC7C5B978DD5C2A52C6F3053678EE43665AE34DD0"
"V2/verification/site/arena-768.png";"1083602";"V1/V2/V3: rendu de verification ou capture regenerable, rapports et fixtures conserves";"0D3516AA6A24EE200CC0F8458F35F954E65472617A74CB914F5D5DE326077835"
"V2/verification/site/arena-desktop.jpg";"439782";"V1/V2/V3: rendu de verification ou capture regenerable, rapports et fixtures conserves";"ADC6561C0CF3328BA10897E6467E85F711AB8A4B5DBD83054240B9150EAEEB07"
"V2/verification/site/arena-desktop.png";"2274918";"V1/V2/V3: rendu de verification ou capture regenerable, rapports et fixtures conserves";"AAD08FAED9D828B8CE93B36FB6280618EC57974112BABCCC0E292EA4E56188B6"
"V2/verification/site/collection-1920.png";"2511911";"V1/V2/V3: rendu de verification ou capture regenerable, rapports et fixtures conserves";"C4589CD9C90F719D713137FED47FEDCA0FBE0EBC677D9A531BAD8514ADE8E45D"
"V2/verification/site/collection-320.png";"844352";"V1/V2/V3: rendu de verification ou capture regenerable, rapports et fixtures conserves";"281AE2F392EBD4E636641BFB011F298DC2736B33A20BE72AD82F11C1F1F692A8"
"V2/verification/site/collection-390.png";"1194400";"V1/V2/V3: rendu de verification ou capture regenerable, rapports et fixtures conserves";"C41F2FEDD80EB2FD3035AC45D8C0D306813007D9752F55932B8B97F752887733"
"V2/verification/site/collection-768.png";"2701440";"V1/V2/V3: rendu de verification ou capture regenerable, rapports et fixtures conserves";"A368FE67836E7DE0936819E12D9878E803F2D1C36CEBE90EBBFE4738C861B6E6"
"V2/verification/site/collection-desktop.png";"2871261";"V1/V2/V3: rendu de verification ou capture regenerable, rapports et fixtures conserves";"AA36E757FA27B6C9355AB8E03E898676F57B7CA04309A532775A7B87A85F5B45"
"V2/verification/site/collection-versions.png";"2871221";"V1/V2/V3: rendu de verification ou capture regenerable, rapports et fixtures conserves";"ADD65BF2F0D9786E6D11DDB70FC13B92338B78699E4B48BF64DC2A07CBBE3C6F"
"V2/verification/site/detail-desktop.jpg";"248507";"V1/V2/V3: rendu de verification ou capture regenerable, rapports et fixtures conserves";"7AE88F9E2EDF57F5FFF442F911DF02DC41B737C1EFA381191D33848A52240F52"
"V2/verification/site/detail-desktop.png";"1175812";"V1/V2/V3: rendu de verification ou capture regenerable, rapports et fixtures conserves";"58D9EB1D36F502DB5999071463F918BD910C026260D43658243B54982E2B6421"
"V2/verification/site/duel-resolu.png";"2300313";"V1/V2/V3: rendu de verification ou capture regenerable, rapports et fixtures conserves";"A2CF73B7C9E3074FFA7A8145F5D2D640C250929584CC5E62817FEC8A6748BF33"
"V2/verification/traits/potion-choice.jpg";"862466";"V1/V2/V3: rendu de verification ou capture regenerable, rapports et fixtures conserves";"E2D9C534A0A30315C9D25E629AB1946F4E443962A2E769D64B3AF6A333414FE4"
"V2/verification/traits/potion-grant.jpg";"859826";"V1/V2/V3: rendu de verification ou capture regenerable, rapports et fixtures conserves";"1DB9F00A1353D6CD5B23ED86AE5B76C40BC4DF372E74E4BBC8107EF6D7357F4D"
"V2/verification/traits/trait-mana-1440.jpg";"650866";"V1/V2/V3: rendu de verification ou capture regenerable, rapports et fixtures conserves";"17AA752420D8E29582168413AA492B743E4F7EE3CA1FCBC38E417DC1C8ACE2B1"
"V2/verification/traits/trait-mana-2493.jpg";"1212333";"V1/V2/V3: rendu de verification ou capture regenerable, rapports et fixtures conserves";"32D91288A4F011C890854C028A390DDAE68A5B7BDF416E2055A160D2A5C80452"
"V2/verification/traits/trait-mana-390.jpg";"170290";"V1/V2/V3: rendu de verification ou capture regenerable, rapports et fixtures conserves";"B6780E43542F8F8CD0C0E3BF444123E87004D4748E5737F820DA30B4E354FB7B"
"V2/verification/traits/trait-mana-768.jpg";"320904";"V1/V2/V3: rendu de verification ou capture regenerable, rapports et fixtures conserves";"BC3F0D745E4E277D9F8C73E834BE37C1F5A610419BC7B96D780C9BAD259D207B"
"V2/verification/traits/trait-physical-1440.jpg";"651291";"V1/V2/V3: rendu de verification ou capture regenerable, rapports et fixtures conserves";"90CEFCCA5690B9805B297BFF91FB5CA32FE14DCB567341EA5134E46E04A5219F"
"V2/verification/traits/trait-physical-2493.jpg";"1213439";"V1/V2/V3: rendu de verification ou capture regenerable, rapports et fixtures conserves";"6BB4D56D2C31EA46EE56D8276061760B59164FC46C73E53472F893C9D63EF0A3"
"V2/verification/traits/trait-physical-390.jpg";"170958";"V1/V2/V3: rendu de verification ou capture regenerable, rapports et fixtures conserves";"3A73A7DEED951A9DF0F9B6EE7E3B3C53564621E0226F4015D19E1872D135CA59"
"V2/verification/traits/trait-physical-768.jpg";"321707";"V1/V2/V3: rendu de verification ou capture regenerable, rapports et fixtures conserves";"D3566DDD90520D94E79FD0572B53D850B8D03D85065F1FA87650797712F2D86D"
"V3/verification/buffs-scenes-apercu.jpg";"359018";"V1/V2/V3: rendu de verification ou capture regenerable, rapports et fixtures conserves";"0EDDF5A6D1519915886FF8B94A52FE51AE30255F9E8353392FA9426AF53686D7"
"V3/verification/buffs-scenes-cartes.jpg";"674085";"V1/V2/V3: rendu de verification ou capture regenerable, rapports et fixtures conserves";"86A8FDEDC53A0021005867CD34739AE34E49FEEF4311B5C9A22E41BEAD8C1484"
"V3/verification/buffs-scenes-races.jpg";"159843";"V1/V2/V3: rendu de verification ou capture regenerable, rapports et fixtures conserves";"92850696B14984EB48BB04C1D121EE65B05598F50270BD79C22BEC640D0EB9DB"
"V3/verification/cards-1.jpg";"706810";"V1/V2/V3: rendu de verification ou capture regenerable, rapports et fixtures conserves";"B81BCF7358E688F47024CFF53262B42298E869F0CF5CC174F592B66ACB7ABCC5"
"V3/verification/cards-16.jpg";"667642";"V1/V2/V3: rendu de verification ou capture regenerable, rapports et fixtures conserves";"E71D24342CE843894C8BDC0C94866E895FAD71B71AE46C8D529AF45301398D65"
"V3/verification/cards-31.jpg";"515908";"V1/V2/V3: rendu de verification ou capture regenerable, rapports et fixtures conserves";"24B766F127E55D46A5C660DAC80117415B0B54A0EE67F25026A7D4E85912D165"
"V3/verification/harmonisation-apercu.jpg";"339054";"V1/V2/V3: rendu de verification ou capture regenerable, rapports et fixtures conserves";"ADEB1A195D21C2D2E48740D736BE2276FD54122B9BA6635937A0A10EA3858D84"
"V3/verification/illustrations-1.jpg";"762012";"V1/V2/V3: rendu de verification ou capture regenerable, rapports et fixtures conserves";"5F09B267A9A37AFF8100AF79C8E40DC63C4CD9E6C9F6D13A6186B80E030A8A50"
"V3/verification/illustrations-15.jpg";"709028";"V1/V2/V3: rendu de verification ou capture regenerable, rapports et fixtures conserves";"C402ED786841C0D6F2E1BD4FC7DCA94E4A53FA83F8D4FC01D4A3B4A26A5E2A50"
"V3/verification/illustrations-29.jpg";"694733";"V1/V2/V3: rendu de verification ou capture regenerable, rapports et fixtures conserves";"08BF0C934F1D5D7F91BDCFBF0DF07693BEC348D6D9740F8D43CF8C08A7437480"
"V3/verification/medallions-before.png";"1603932";"V1/V2/V3: rendu de verification ou capture regenerable, rapports et fixtures conserves";"46039574C56366822483C4B863AE0BCB79D21F32587305A95CD94CD75841DF29"
"V3/verification/minero-prototype-preview.png";"1623028";"V1/V2/V3: rendu de verification ou capture regenerable, rapports et fixtures conserves";"6AD2E82CD3BC9ECE8B2F8694382FCAA43F76AF0E0BAAB40FB2915FCC9F1BE193"
"V3/verification/momo-build-view.png";"2275861";"V1/V2/V3: rendu de verification ou capture regenerable, rapports et fixtures conserves";"B4858DBA6B6581E8560A5898A78BF0095ACAA70440CF2DB076C91A05264B0BFF"
"V3/verification/PROTOTYPE_MOMO.psd";"38448129";"V1/V2/V3: rendu de verification ou capture regenerable, rapports et fixtures conserves";"8F54425AB4A3EE44B0FE2E76524334234F6C7C510D91A12DD989C320A58F2452"
"V3/verification/prototype-momo-view.png";"2275342";"V1/V2/V3: rendu de verification ou capture regenerable, rapports et fixtures conserves";"49D595093BA747BE09B65AD05EC9735BF3750734694BD4E2139745B159516DE9"
"V3/verification/prototype-momo.png";"4038748";"V1/V2/V3: rendu de verification ou capture regenerable, rapports et fixtures conserves";"7D6FCE9B3FA3F7338F8CB8EB887A30803D8579C8AD80E594BB44B212747B5A4A"
"V3/verification/races-final-four.png";"123242";"V1/V2/V3: rendu de verification ou capture regenerable, rapports et fixtures conserves";"2E0A2F2B66FC916B35873FD507EC2A6E395C38C9B828786093331EE46340ADED"
"V3/verification/races-progress.png";"448333";"V1/V2/V3: rendu de verification ou capture regenerable, rapports et fixtures conserves";"FE81793DDCACBC1460E0C23A334AA1AD6DF42BEB4636D738227A4EA3B27EF1B5"
"V3/verification/revision-art-1.jpg";"782088";"V1/V2/V3: rendu de verification ou capture regenerable, rapports et fixtures conserves";"6A88C721DDF621DFFE15C85D6658FA0FB9375A23B5F13D2A277BC663B81F07B0"
"V3/verification/revision-art-15.jpg";"704774";"V1/V2/V3: rendu de verification ou capture regenerable, rapports et fixtures conserves";"7F082A692DCFB8EE5532CFF0171062B9D4E4CE2D861796BCAA66B7A6E0C64568"
"V3/verification/revision-art-29.jpg";"337213";"V1/V2/V3: rendu de verification ou capture regenerable, rapports et fixtures conserves";"5E5214CBFC8A914C36D4FD8D176A9A28F1D1A57BEEE76F9A3C0DB6D4F9D4D87F"
"V3/verification/revision-races.jpg";"110766";"V1/V2/V3: rendu de verification ou capture regenerable, rapports et fixtures conserves";"20A90135617DA73E77338E15A7E54502B899D66EF9FC056D01B267813AC04A80"
"V3/verification/scenes-progress.png";"2709999";"V1/V2/V3: rendu de verification ou capture regenerable, rapports et fixtures conserves";"3280AC9746C15EC05092E63530356A0F2B9FDB0DFBB59597D4F85EF11FFB68CF"
"V3/verification/skully-original-preview.png";"1039182";"V1/V2/V3: rendu de verification ou capture regenerable, rapports et fixtures conserves";"212C4BBAD15C2DF3EEF01FB15675FDFA5F9F6D3E442BD2B9CFD3ABCF8765FEAA"
"V3/verification/weapons-contact.jpg";"79411";"V1/V2/V3: rendu de verification ou capture regenerable, rapports et fixtures conserves";"8F838CC8D02323098109BA3E460C3F43C12CEC8E96793B394E857504DD765F4A"
"V3/verification/harmonisation-previews/01_ELECTRO_MOMO-details.png";"601814";"V1/V2/V3: rendu de verification ou capture regenerable, rapports et fixtures conserves";"BD5163750B8154DBE24CB165263266414C53D15847498F72E170B1E6B21C8D27"
"V3/verification/harmonisation-previews/01_ELECTRO_MOMO.jpg";"355347";"V1/V2/V3: rendu de verification ou capture regenerable, rapports et fixtures conserves";"5E3C0B5A7078F786BECD576A326B322AB548B4CF685F145074FFE680DFB1D3D8"
"V3/verification/harmonisation-previews/02_AERO_CANA-details.png";"602455";"V1/V2/V3: rendu de verification ou capture regenerable, rapports et fixtures conserves";"D6AF9D0CC2E211C87E06004EA3F5C5DDC271B5C08F273271B3B95B76D849571D"
"V3/verification/harmonisation-previews/02_AERO_CANA.jpg";"359822";"V1/V2/V3: rendu de verification ou capture regenerable, rapports et fixtures conserves";"AF807969F9BF129F91AFDC31D4F8A4C58B25F5224D7C82DB99B05D4C34BE1FD3"
"V3/verification/harmonisation-previews/06_LUXO_AELIS-details.png";"591021";"V1/V2/V3: rendu de verification ou capture regenerable, rapports et fixtures conserves";"3BF49AB4C73D78EC8DCB18B0E02486D33E219B881F30309A9AB70EB1DBF19297"
"V3/verification/harmonisation-previews/06_LUXO_AELIS.jpg";"366909";"V1/V2/V3: rendu de verification ou capture regenerable, rapports et fixtures conserves";"79DF525D8D949E0572ABD7397EB7B269FF0F07F047BE7D9893BE89DB6DA2C746"
"V3/verification/harmonisation-previews/07_MINERO_BALMHYR-details.png";"594137";"V1/V2/V3: rendu de verification ou capture regenerable, rapports et fixtures conserves";"67EA58C79FFF5382E6592F8C4A26F0CC445DE63F7F9D45388229EF21279156F7"
"V3/verification/harmonisation-previews/07_MINERO_BALMHYR.jpg";"385539";"V1/V2/V3: rendu de verification ou capture regenerable, rapports et fixtures conserves";"F8AD6D35F2E1363F2333CE52FF20B644E7E18FB61AFF07F7577DE91078242A6B"
"V3/verification/harmonisation-previews/11_GEO_NAZAR-details.png";"579234";"V1/V2/V3: rendu de verification ou capture regenerable, rapports et fixtures conserves";"8C0097978C429CC72C0EEB1FFD3FAD6999A817E3A43901B85EF87A2B095CBCE1"
"V3/verification/harmonisation-previews/11_GEO_NAZAR.jpg";"388383";"V1/V2/V3: rendu de verification ou capture regenerable, rapports et fixtures conserves";"E91E55146FF15E7ABF0E033DC6E862A78BEB5E10CB57431777D658D33794F6E0"
"V3/verification/harmonisation-previews/12_RAINBOW_KAYLIS-details.png";"592515";"V1/V2/V3: rendu de verification ou capture regenerable, rapports et fixtures conserves";"CA97D9303AB55AC80619C370CD64CE2857F67E562350518F0F3C55C57BCF45D9"
"V3/verification/harmonisation-previews/12_RAINBOW_KAYLIS.jpg";"350687";"V1/V2/V3: rendu de verification ou capture regenerable, rapports et fixtures conserves";"33A549C5C832C7034C7F5E0943951ACD36D677D08195A980B4ECF08BC3C4723A"
"V3/verification/harmonisation-previews/16_CRYO_NERIS-details.png";"593901";"V1/V2/V3: rendu de verification ou capture regenerable, rapports et fixtures conserves";"1B58517D2549B845EEE30C91BC3F152166A66F3235D4D40BF5B9C756BB605F97"
"V3/verification/harmonisation-previews/16_CRYO_NERIS.jpg";"388058";"V1/V2/V3: rendu de verification ou capture regenerable, rapports et fixtures conserves";"6447CD45AF6B54AE70C6352A0325FA360A8CDBA5D91AC1B22CE7933D841189B3"
"V3/verification/harmonisation-previews/18_MINERO_LOK-details.png";"587747";"V1/V2/V3: rendu de verification ou capture regenerable, rapports et fixtures conserves";"F0DB95363F35373AF608406FD75515F7986B4C1CC055BD63DA2B7DB2CCF9C3CC"
"V3/verification/harmonisation-previews/18_MINERO_LOK.jpg";"364461";"V1/V2/V3: rendu de verification ou capture regenerable, rapports et fixtures conserves";"A208E8B6BB5A7A6F5FF6AB2033AD31E974AC4B5B16338B255830AA13BD155176"
"V3/verification/harmonisation-previews/21_NONE_LANIO-details.png";"574916";"V1/V2/V3: rendu de verification ou capture regenerable, rapports et fixtures conserves";"EB94CE679449E92B6D553F0FA99437F46C918BC4E4AD0D1CF589D48B899635C1"
"V3/verification/harmonisation-previews/21_NONE_LANIO.jpg";"354647";"V1/V2/V3: rendu de verification ou capture regenerable, rapports et fixtures conserves";"1CD6E9B1F450C892E1625D240C878D2E6B0D2CF63C208D823EE4720A798B0F8F"
"V3/verification/harmonisation-previews/22_NONE_MALABA-details.png";"597092";"V1/V2/V3: rendu de verification ou capture regenerable, rapports et fixtures conserves";"DD1D938BF90A68B6A7E25779D021594E9494399C600F8ED4F2856A3FFF516F9E"
"V3/verification/harmonisation-previews/22_NONE_MALABA.jpg";"349867";"V1/V2/V3: rendu de verification ou capture regenerable, rapports et fixtures conserves";"7D215D4974B0066454F383F90C0529D5FFF5ECE8FF056CAB69FD55A28F0CC394"
"V3/verification/harmonisation-previews/23_NONE_GEN-details.png";"585800";"V1/V2/V3: rendu de verification ou capture regenerable, rapports et fixtures conserves";"D8EB7F75C523099D97A34ACD9C31EF0A7A1A04338E9586966ED0749102D6F331"
"V3/verification/harmonisation-previews/23_NONE_GEN.jpg";"338094";"V1/V2/V3: rendu de verification ou capture regenerable, rapports et fixtures conserves";"EE739FCC361C2C2749657D2DBCBC5530409A30273E1142A29A6573A941880F14"
"V3/verification/harmonisation-previews/25_NONE_KOGNUS-details.png";"564271";"V1/V2/V3: rendu de verification ou capture regenerable, rapports et fixtures conserves";"DCE49DC554453C739627FE0657735F98AEB988A5CB0AF853B0C72F371166D014"
"V3/verification/harmonisation-previews/25_NONE_KOGNUS.jpg";"341671";"V1/V2/V3: rendu de verification ou capture regenerable, rapports et fixtures conserves";"22B20BFFC902A379348CFFDFC5AE9F1300218A0DFE5A1A587246A7165CC070D6"
"V3/verification/harmonisation-previews/26_NONE_REEVUS-details.png";"579073";"V1/V2/V3: rendu de verification ou capture regenerable, rapports et fixtures conserves";"8A8520F379E027A7ACBA8116521E7FDB08F7174DB68A67A50B65BEF73A02C3FF"
"V3/verification/harmonisation-previews/26_NONE_REEVUS.jpg";"343525";"V1/V2/V3: rendu de verification ou capture regenerable, rapports et fixtures conserves";"A8A094334CAABD5F8C0E058F647BEB0DA4F7F9083CEAC15B50AB9CE3BCE12270"
"V3/verification/harmonisation-previews/27_NONE_XIAOMI-details.png";"560360";"V1/V2/V3: rendu de verification ou capture regenerable, rapports et fixtures conserves";"8CFA85FE38F2C97725B56F3D2B70A510C7122E7B9BBEB8404CA774607DF88094"
"V3/verification/harmonisation-previews/27_NONE_XIAOMI.jpg";"318637";"V1/V2/V3: rendu de verification ou capture regenerable, rapports et fixtures conserves";"8F6E0BFE7BA354F11F1D7C1192997334688AC6886CB9EB0DD5835E16473EACEE"
"V3/verification/harmonisation-previews/32_ELECTRO_JELLY_JOE-details.png";"597961";"V1/V2/V3: rendu de verification ou capture regenerable, rapports et fixtures conserves";"34D6988DC56196B67CA51BA29CCE2E86F903C21A031E43154D1B29034FE39358"
"V3/verification/harmonisation-previews/32_ELECTRO_JELLY_JOE.jpg";"362892";"V1/V2/V3: rendu de verification ou capture regenerable, rapports et fixtures conserves";"6B21F613F78F135BD39C8AF9DF46D9BFDCE908A39E101BF3E621AE02492440E8"
"V3/verification/harmonisation-previews/34_NECRO_VALAZAR-details.png";"591291";"V1/V2/V3: rendu de verification ou capture regenerable, rapports et fixtures conserves";"71109F8757DA949C9E7385D1BA48CD995CCC46D71FED9CDFD82897AF8A897987"
"V3/verification/harmonisation-previews/34_NECRO_VALAZAR.jpg";"322656";"V1/V2/V3: rendu de verification ou capture regenerable, rapports et fixtures conserves";"15CB52EBEBC19F5AF8AF5ACC907A40737B59033BA2878042B1ACC065B5CC106C"
"V3/verification/harmonisation-previews/35_NECRO_CAPITAINE_SKULLY-details.png";"576220";"V1/V2/V3: rendu de verification ou capture regenerable, rapports et fixtures conserves";"677FCF0770B42195BD6F3394CD2C17884F98A5B0C584DE97A928115175D503D4"
"V3/verification/harmonisation-previews/35_NECRO_CAPITAINE_SKULLY.jpg";"343922";"V1/V2/V3: rendu de verification ou capture regenerable, rapports et fixtures conserves";"181F038D517F16933AA3468EEFB162B3962E1D849983CECA3ABE5459D62CCAC4"
"V3/verification/harmonisation-previews/36_GEO_ELENION-details.png";"597944";"V1/V2/V3: rendu de verification ou capture regenerable, rapports et fixtures conserves";"DFC6FDD13F57316F51CEDA6961F796B86446CA33F48F5799794C864D066667BF"
"V3/verification/harmonisation-previews/36_GEO_ELENION.jpg";"392970";"V1/V2/V3: rendu de verification ou capture regenerable, rapports et fixtures conserves";"A8DD56CA4CB5C9B1C536BEA0400CF30600C16D76595A60A5586F6F212F3D99E0"
"V3/verification/harmonisation-prototype/cartes/01_ELECTRO_MOMO.png";"4038748";"V1/V2/V3: rendu de verification ou capture regenerable, rapports et fixtures conserves";"45AA1491B8C987220BCA301EFE70D3404320100BFCC264DD7A4F01618DD8FFC5"
"V3/verification/harmonisation-prototype/cartes/06_LUXO_AELIS.png";"4038748";"V1/V2/V3: rendu de verification ou capture regenerable, rapports et fixtures conserves";"6E45924483751025E37AFDBA6A1E6346B3E37DD2E1C4AD8B8A7E01DFC41BE8E5"
"V3/verification/harmonisation-prototype/cartes/07_MINERO_BALMHYR.png";"4038748";"V1/V2/V3: rendu de verification ou capture regenerable, rapports et fixtures conserves";"36B26C4E7441434485E5C80B311D9E8E3F1399894F4D1C86B07F9744D908E6B7"
"V3/verification/harmonisation-prototype/cartes/22_NONE_MALABA.png";"4038748";"V1/V2/V3: rendu de verification ou capture regenerable, rapports et fixtures conserves";"24D81DEB999E51E1FB156F3A2F1ACE366556AF4A1B7AFFBCE938024FB5FF4F13"
"V3/verification/harmonisation-prototype/impression/01_ELECTRO_MOMO.tif";"3555944";"V1/V2/V3: rendu de verification ou capture regenerable, rapports et fixtures conserves";"89C3DD2D72A1EB6A978FF7E620E1DA329FBDDE5A0912459F938ACFB65A04B2E9"
"V3/verification/harmonisation-prototype/impression/06_LUXO_AELIS.tif";"3731208";"V1/V2/V3: rendu de verification ou capture regenerable, rapports et fixtures conserves";"F5986F2CA5A405F44B91441DE5D2802947DBFF5349FDD1CFE5D962B8ED008A76"
"V3/verification/harmonisation-prototype/impression/07_MINERO_BALMHYR.tif";"3767868";"V1/V2/V3: rendu de verification ou capture regenerable, rapports et fixtures conserves";"DCE92B9679E2A100623F0E1576611A826B83BD8C65F7302AD8456656B23D067A"
"V3/verification/harmonisation-prototype/impression/22_NONE_MALABA.tif";"3585692";"V1/V2/V3: rendu de verification ou capture regenerable, rapports et fixtures conserves";"E5887CE5743CB9850884E4A661BD7D54B3AC18E71641E93C06870F43E96755AD"
"V3/verification/harmonisation-prototype/templates/01_ELECTRO_MOMO.psd";"42215060";"V1/V2/V3: rendu de verification ou capture regenerable, rapports et fixtures conserves";"C257ABFA9CD0D5767DAFB4F05B92F12258D56C42CF840C1980834D27B0F1C176"
"V3/verification/harmonisation-prototype/templates/06_LUXO_AELIS.psd";"38042927";"V1/V2/V3: rendu de verification ou capture regenerable, rapports et fixtures conserves";"22F2D6083DFBF54A2AB303872576134DAD8210194D967A744DD803DE86EDFE8C"
"V3/verification/harmonisation-prototype/templates/07_MINERO_BALMHYR.psd";"40209053";"V1/V2/V3: rendu de verification ou capture regenerable, rapports et fixtures conserves";"D23FB57BFCA540D83B0C9CB14DF0081879280AF58C29C75350269AD9EE0B937D"
"V3/verification/harmonisation-prototype/templates/22_NONE_MALABA.psd";"32285493";"V1/V2/V3: rendu de verification ou capture regenerable, rapports et fixtures conserves";"76AA602E0C9C599306B5D7C01FA63CBDA2D61BB8470BABF1346BCFEBC6C092DE"
"V3/verification-buffs/screenshots/badges-1440-side-0.png";"1648939";"V1/V2/V3: rendu de verification ou capture regenerable, rapports et fixtures conserves";"F45BF1635443F807298856A47A9D2327CF18AC4EA8074B113F7AFB6957F34C58"
"V3/verification-buffs/screenshots/badges-1440-side-1.png";"1647053";"V1/V2/V3: rendu de verification ou capture regenerable, rapports et fixtures conserves";"8E25AC070CDB71CB76E7F08F11146CAF8DEF3102122B0AA6C29CEAB2942AA1E5"
"V3/verification-buffs/screenshots/badges-2560-side-0.png";"3897743";"V1/V2/V3: rendu de verification ou capture regenerable, rapports et fixtures conserves";"A225E2CB34FF24FE6EDE3D6408AE036C63C79374CF78F8B5D5468DC1149F6C2A"
"V3/verification-buffs/screenshots/badges-2560-side-1.png";"3897702";"V1/V2/V3: rendu de verification ou capture regenerable, rapports et fixtures conserves";"826A75F029679202C8438140B0E2D963EE1170ED44B9F0929AF80D67EBEE1E8B"
"V3/verification-buffs/screenshots/badges-360-side-0.png";"335188";"V1/V2/V3: rendu de verification ou capture regenerable, rapports et fixtures conserves";"A3600FB1E76F0EA8785CE2EF55A26FB286853558807635B6B865AD68A9370707"
"V3/verification-buffs/screenshots/badges-360-side-1.png";"335806";"V1/V2/V3: rendu de verification ou capture regenerable, rapports et fixtures conserves";"22F4B1F1F2FE80953B0AD3492528B1A217FBD0CEDF7FAAAC9D803BEB46D6102A"
"V3/verification-buffs/screenshots/badges-390-side-0.png";"375751";"V1/V2/V3: rendu de verification ou capture regenerable, rapports et fixtures conserves";"71AEC4F36E8E87F8BDA30E76FCF33FF1313E62C081610C738D0129BA7A3F791E"
"V3/verification-buffs/screenshots/badges-390-side-1.png";"374104";"V1/V2/V3: rendu de verification ou capture regenerable, rapports et fixtures conserves";"BD4C6ECBF3A8DE577111690DEF870933D81DB72B47720FDE706494BC12F941D8"
"V3/verification-buffs/screenshots/dice-1440.png";"1647072";"V1/V2/V3: rendu de verification ou capture regenerable, rapports et fixtures conserves";"D2BC8DB444FDBD691AACBD45AFA21BE478D5CBCAB26FB4DA2756EA8286144275"
"V3/verification-buffs/screenshots/dice-2560.png";"3897734";"V1/V2/V3: rendu de verification ou capture regenerable, rapports et fixtures conserves";"8E0A57A37912230D9163C11AF9B108211462FB55B5488B3BCF75DD4271AF957E"
"V3/verification-buffs/screenshots/dice-360.png";"183228";"V1/V2/V3: rendu de verification ou capture regenerable, rapports et fixtures conserves";"DFC73572E1A4979A38F66DF0EFBD9D1F1198A0B9523510E87B4CE8582F755F4A"
"V3/verification-buffs/screenshots/dice-390.png";"206240";"V1/V2/V3: rendu de verification ou capture regenerable, rapports et fixtures conserves";"8BCF4D976B1C1E655ECA9B979EBE997D9184F71742FB206A4677D1BEFB15AF09"
"V3/verification-buffs/screenshots/failure-22.png";"1725472";"V1/V2/V3: rendu de verification ou capture regenerable, rapports et fixtures conserves";"8EF28D904B0FC0F26959859576E22D74E734C0FDF6D03DE60A5B19CD5484E76B"
"V3/verification-buffs/screenshots/failure-3.png";"1640849";"V1/V2/V3: rendu de verification ou capture regenerable, rapports et fixtures conserves";"86A455E3283267FA6F359BBDAB4B4E2B9D94497A3DC4943D1882C614B6DFF9B6"
"V3/verification-buffs/screenshots/failure-5.png";"205798";"V1/V2/V3: rendu de verification ou capture regenerable, rapports et fixtures conserves";"8A714646D3B65F8ADCC25EA1A82A8464A158F452528034A07821FA306295E48A"
"V3/verification-buffs/screenshots/failure-6.png";"183062";"V1/V2/V3: rendu de verification ou capture regenerable, rapports et fixtures conserves";"077394C67BA4A7E05454C1541C577D1A9022C68DC47A9981FC814BC6B6153106"
"V3/verification-buffs/screenshots/historical-elenion-detail.png";"912406";"V1/V2/V3: rendu de verification ou capture regenerable, rapports et fixtures conserves";"997AFE86E29C5D5A2AFF763959208C07B34ADBD37994F6D14F50956467222F15"
"V3/verification-buffs/screenshots/ordering-final-heart-consumed.png";"1748860";"V1/V2/V3: rendu de verification ou capture regenerable, rapports et fixtures conserves";"60E584F4DD549604878B89D3EE5139A1633E12A84F1CA1983EC7A8F95A17FDD4"
"V3/verification-buffs/screenshots/ordering-reloaded-before-auto-reroll.png";"1746496";"V1/V2/V3: rendu de verification ou capture regenerable, rapports et fixtures conserves";"18803D66B518A42C602787A43A163B66E3F9A928160B8BE5D3DC7D624DDC0644"
"V3/verification-buffs/screenshots/physical-gain-side-0.png";"82111";"V1/V2/V3: rendu de verification ou capture regenerable, rapports et fixtures conserves";"152654915ED475C989B1B1B7BBC6044AC34C7F02ABE8A5BA10465D5803B27A61"
"V3/verification-buffs/screenshots/physical-gain-side-1.png";"80134";"V1/V2/V3: rendu de verification ou capture regenerable, rapports et fixtures conserves";"4B31F5FF52387C9B7ACCE8BC03040BA307C4718F0E29A9203725C431B2F34E3C"
"V3/verification-buffs/screenshots/physical-pending-reloaded.png";"1602834";"V1/V2/V3: rendu de verification ou capture regenerable, rapports et fixtures conserves";"541A87C7AAE376DE54CAF33F361F67D8C31A940070A7E1AFC32B929D98A7FDC2"
"V3/verification-buffs/screenshots/physical-phase-after-real-roll.png";"1688339";"V1/V2/V3: rendu de verification ou capture regenerable, rapports et fixtures conserves";"09B780EBF5A2989C5AACAEFB300E94127FBCC5FCB5C9ECA6B416F52A65654DB2"
"V3/verification-collection/binder-1280.png";"692322";"V1/V2/V3: rendu de verification ou capture regenerable, rapports et fixtures conserves";"5DD0192834B112943C12A32D0A7B3569DAF5D1C05BD3C5DA9B8C647CC56F220D"
"V3/verification-collection/binder-1440.png";"591304";"V1/V2/V3: rendu de verification ou capture regenerable, rapports et fixtures conserves";"E14A9B3BAC297CFF392059E6CE465D4D826D17CB72F19214DDE1023DC9FD4696"
"V3/verification-collection/binder-1600.png";"970991";"V1/V2/V3: rendu de verification ou capture regenerable, rapports et fixtures conserves";"A55C30D463C47DC9DFD410C92300DE6B3F6B402D50B50BDE2503D214CE5047EA"
"V3/verification-collection/binder-2560.png";"2130916";"V1/V2/V3: rendu de verification ou capture regenerable, rapports et fixtures conserves";"EA90B0565333A9AC21785A0022D74E5A6F992921D35D67E4AE299B960E816680"
"V3/verification-collection/binder-360.png";"166716";"V1/V2/V3: rendu de verification ou capture regenerable, rapports et fixtures conserves";"0659E1AEECA0C99BA7FDAE8BCA8ED546A5A3F2669F0A088F19883B66CE835CE5"
"V3/verification-collection/binder-390.png";"193415";"V1/V2/V3: rendu de verification ou capture regenerable, rapports et fixtures conserves";"54BD180E9C06A2172D44E788F8C97191C295B42F5049AFD1A106F8390743D0A9"
"V3/verification-collection/binder-844.png";"137064";"V1/V2/V3: rendu de verification ou capture regenerable, rapports et fixtures conserves";"F711BE2182EC3F4026DE960BC001CC859EA8860D34A566DD29ADFDFA37109B31"
"V3/verification-collection/reader-1280-career.png";"284099";"V1/V2/V3: rendu de verification ou capture regenerable, rapports et fixtures conserves";"A6884326322460D494045E46DD884EFBE1C4B06EE92F14065DDA3B95E989A381"
"V3/verification-collection/reader-1280-copies.png";"281137";"V1/V2/V3: rendu de verification ou capture regenerable, rapports et fixtures conserves";"AEDCB39D9F92B36B2DF32A85C7EBD513C071220B65A7042F857CDB11DFD61E43"
"V3/verification-collection/reader-1280-profile.png";"289403";"V1/V2/V3: rendu de verification ou capture regenerable, rapports et fixtures conserves";"81F547DD515B241257817EF741DFE827143FB64ABDCA3708A96F3EE5B2C85772"
"V3/verification-collection/reader-1280-story.png";"282973";"V1/V2/V3: rendu de verification ou capture regenerable, rapports et fixtures conserves";"16682AFF3FDB35A7332A75D5F2E91487709EE67831D772D396809390BDB66C43"
"V3/verification-collection/reader-360-career.png";"74922";"V1/V2/V3: rendu de verification ou capture regenerable, rapports et fixtures conserves";"E7DBB602A09A0738ADD07C9B5AA9BE193BED525747CA4A0C395A9E6E9AFDB38A"
"V3/verification-collection/reader-360-copies.png";"73204";"V1/V2/V3: rendu de verification ou capture regenerable, rapports et fixtures conserves";"25064EE79265E791F92F7C32798C6DE598A8BE0D9B9775996A34AE298DC7468D"
"V3/verification-collection/reader-360-profile.png";"79253";"V1/V2/V3: rendu de verification ou capture regenerable, rapports et fixtures conserves";"89285D8A23764900CDD06427154870A38EAB0C744D096193CFBD5BEC11036186"
"V3/verification-collection/reader-360-story.png";"74211";"V1/V2/V3: rendu de verification ou capture regenerable, rapports et fixtures conserves";"C8B928A11231ADE3C050FF48C18029B5E16A1D69F9597804037DFEFBB6582E8B"
"V3/verification-collection/reader-390-career.png";"91270";"V1/V2/V3: rendu de verification ou capture regenerable, rapports et fixtures conserves";"B673917B283C0F2129A60BA78A40AA7F818809E7DDE90199D1780A41B4719D73"
"V3/verification-collection/reader-390-copies.png";"89248";"V1/V2/V3: rendu de verification ou capture regenerable, rapports et fixtures conserves";"F8A3477F3A3EB92AABB9DE5FD40AEE5C235A423D55DE026BA976899E58E47C79"
"V3/verification-collection/reader-390-profile.png";"95337";"V1/V2/V3: rendu de verification ou capture regenerable, rapports et fixtures conserves";"DCF926BD3B38C46C04B7974517E045E5F4E4C09726FE1B621259263E0942186E"
"V3/verification-collection/reader-390-story.png";"89856";"V1/V2/V3: rendu de verification ou capture regenerable, rapports et fixtures conserves";"AE2840E175E1ED8F1A9737498F6D73D84D2FF2072BA9BBD6CB868C20FF72D969"
"V3/verification-collection/reader-844-career.png";"97012";"V1/V2/V3: rendu de verification ou capture regenerable, rapports et fixtures conserves";"FFB752794186CFD662625CD480471A3C96CB9AEAB036EE8A4225039B66C342FA"
"V3/verification-collection/reader-844-copies.png";"94891";"V1/V2/V3: rendu de verification ou capture regenerable, rapports et fixtures conserves";"DCB5FEF73DC6B7670C35C640D9B425597E6043D232656701F596EEB9DFDFC039"
"V3/verification-collection/reader-844-profile.png";"99841";"V1/V2/V3: rendu de verification ou capture regenerable, rapports et fixtures conserves";"847975EAF3776C70A5AE29B8DCC256A6F9B52668B895DA41664AA286F3B1D2BE"
"V3/verification-collection/reader-844-story.png";"97092";"V1/V2/V3: rendu de verification ou capture regenerable, rapports et fixtures conserves";"F3A023BA1614DACF83CDA28F8FBCE7A5B1A96CE5A83D24686B016B6687D9BF5A"
"V3/verification-collection/reader-career.png";"698045";"V1/V2/V3: rendu de verification ou capture regenerable, rapports et fixtures conserves";"07735ACC080FBFCDC40A724ACBE9A09505C8D934EA7BDF925C1A4A8B2DBE5068"
"V3/verification-collection/reader-copies.png";"694092";"V1/V2/V3: rendu de verification ou capture regenerable, rapports et fixtures conserves";"70DC705A5BC21B78A2C4489FEAC8A42DD14B784BF219BAE5F354E124C17AFC2E"
"V3/verification-collection/reader-profile.png";"702912";"V1/V2/V3: rendu de verification ou capture regenerable, rapports et fixtures conserves";"B87AF21C3EB5E8C7C509AE8406CA3CE323B3E8CDB82ACBDC8B691D10A1CB7CAA"
"V3/verification-collection/reader-story.png";"697093";"V1/V2/V3: rendu de verification ou capture regenerable, rapports et fixtures conserves";"FD6E1B4AEDF323CB15BBD37058EE50EAFF2ECAFDFB5A73DD4F601C7A239273E8"
"V3/verification-flow/console-hydro.png";"2318860";"V1/V2/V3: rendu de verification ou capture regenerable, rapports et fixtures conserves";"FD72C995FD7246E2DF4CB3701B08954544BD9D33A394494810F5A770EF937EB6"
"V3/verification-flow/console-pyro.png";"2129360";"V1/V2/V3: rendu de verification ou capture regenerable, rapports et fixtures conserves";"8104BD099AF74A8AD7DE5942E0B68554E9843E887D012C2C49A40B009F39911A"
"V3/verification-flow/console-z13.png";"2126283";"V1/V2/V3: rendu de verification ou capture regenerable, rapports et fixtures conserves";"6345A8A65B512EE546F180043FA6331294373C9C288A8074D9091D3100C56F00"
"V3/verification-flow/decks-1440.png";"2118329";"V1/V2/V3: rendu de verification ou capture regenerable, rapports et fixtures conserves";"E0CFFC09B4D8384285624FFB557BE9070B8ED1F3754EBB6F32A8D23D19B116F2"
"V3/verification-flow/decks-2560.png";"3401995";"V1/V2/V3: rendu de verification ou capture regenerable, rapports et fixtures conserves";"FD5E8F7A3AF46773E7C8106B35B976AAE335E519565FB9AA364F29AEBE633CD6"
"V3/verification-flow/decks-360.png";"365722";"V1/V2/V3: rendu de verification ou capture regenerable, rapports et fixtures conserves";"60E27FE15962C5CDCF1A975287E7F91FE919039BE7295433FD592BA3E6133BAC"
"V3/verification-flow/decks-390.png";"396839";"V1/V2/V3: rendu de verification ou capture regenerable, rapports et fixtures conserves";"B775D008D539BC5C839F13C703A4CFEA85CA8588DFBD55968DF3FF08195DE90B"
"V3/verification-flow/decks-desktop.png";"2137294";"V1/V2/V3: rendu de verification ou capture regenerable, rapports et fixtures conserves";"FB66475675ACAAB14B7058059D2D88F48FA81BF6E53B425860B930C028373D09"
"V3/verification-flow/failure.png";"2319257";"V1/V2/V3: rendu de verification ou capture regenerable, rapports et fixtures conserves";"5D3ADC8C0F9DCEC3C162987E754FE94E6F7B61D7628E8AA60623A3215AC9B34D"
"V3/verification-flow/renforts-compatibles.png";"2269083";"V1/V2/V3: rendu de verification ou capture regenerable, rapports et fixtures conserves";"07A7F28CB4B6C36ECB77AE9A313837D82A5701E96A15356D0D21D9E8C62F6729"
"V3/verification-flow/reserve-grand-apercu.png";"2368428";"V1/V2/V3: rendu de verification ou capture regenerable, rapports et fixtures conserves";"666F6ADA9DD62986D6ABD4AB7A7E0D672354280AEC382772A89ACD6C3A841F45"
"V3/verification-flow/reserve-mobile.png";"446287";"V1/V2/V3: rendu de verification ou capture regenerable, rapports et fixtures conserves";"984F82A6F00EDCEF4CE7E556D2AE33FDD880C97DF3F83146A1F6CAF97B045305"
"V3/verification-flow/tour-suivant-recap.png";"2290481";"V1/V2/V3: rendu de verification ou capture regenerable, rapports et fixtures conserves";"C2ACBC11622519F04F9F3D1FDAA05DF59DD9153041DAB76F8E5A14FFD9BEA492"
"V3/verification-ownership/ui-activation-voucher.png";"132286";"V1/V2/V3: rendu de verification ou capture regenerable, rapports et fixtures conserves";"2AB4694F4357ACC7FC9917BB69BEAF2C8FC51F8CFD867F785BBB419E46088EF5"
"V3/verification-ownership/ui-catalogue-tokyo.png";"781479";"V1/V2/V3: rendu de verification ou capture regenerable, rapports et fixtures conserves";"08A03C2F6B884EFFB642CE87396710B69F8AC39C6D25E3F854676A8F9C9414A7"
"V3/verification-ownership/ui-collection-paris.png";"780058";"V1/V2/V3: rendu de verification ou capture regenerable, rapports et fixtures conserves";"5D90EF30DC8A6CBCB0E32CCAC56961F20AEAC0C69A614DFF5E611747D20AB228"
"V3/verification-ownership/ui-failure.png";"2205117";"V1/V2/V3: rendu de verification ou capture regenerable, rapports et fixtures conserves";"5F8023FB9640D603A4D0FC233F2442083053DDF9627988437AE16304F3B38449"
"V3/verification-ownership/ui-registry-360.png";"60350";"V1/V2/V3: rendu de verification ou capture regenerable, rapports et fixtures conserves";"3ACBD424D3394892A446D20A9C2B23EC43FFA02D448882CDFFA4F1D3DE5A9E71"
"V3/verification-ownership/ui-registry-wide.png";"439109";"V1/V2/V3: rendu de verification ou capture regenerable, rapports et fixtures conserves";"9FB0D889BDA23081CD05CF2B9A8380F3A2B3C3E800E646FC5EEB48446BA698EE"
"V3/verification-ownership/ui-storage.png";"138080";"V1/V2/V3: rendu de verification ou capture regenerable, rapports et fixtures conserves";"4EA5C5CFFCEE78B8B5391F00478E201619CD70F3F76B4A388750392D3A03AC4D"
"V3/verification-ownership/ui-transfer-mobile.png";"205042";"V1/V2/V3: rendu de verification ou capture regenerable, rapports et fixtures conserves";"EC0646E218AB409E68FB83FE471991602CDF768B5F86A28D10DEC5B64CD9BD08"
"V3/verification-ownership/ui-transfer-receive.png";"79661";"V1/V2/V3: rendu de verification ou capture regenerable, rapports et fixtures conserves";"93C380880092FAEBF8B17F227C0ECAAC865D4EDC2947B77C3DFD35B97E6E9548"
"V3/verification-ownership/ui-transfer-review.png";"392941";"V1/V2/V3: rendu de verification ou capture regenerable, rapports et fixtures conserves";"05BC20A7B073E3F78347E5342FDA99BBE664A530E786F33FC0627BE050410BCA"
"V3/verification-palmares/awards-1280x720.png";"1132562";"V1/V2/V3: rendu de verification ou capture regenerable, rapports et fixtures conserves";"7007E81C5C002B0B4273E2794636F13820B697C85094A0D261C94088C7830C13"
"V3/verification-palmares/awards-1600x1080.png";"2185815";"V1/V2/V3: rendu de verification ou capture regenerable, rapports et fixtures conserves";"F4207981CD9974DCEA3B0BC3A5108381A5F44A3E31E1697C89F09A1103382C69"
"V3/verification-palmares/awards-2560x1440.png";"4350636";"V1/V2/V3: rendu de verification ou capture regenerable, rapports et fixtures conserves";"8C82EFFF7F81EAB3CC4EC721829932A34917073DA95D510A8DF9DA9A3C0D3C1F"
"V3/verification-palmares/awards-320x480.png";"176951";"V1/V2/V3: rendu de verification ou capture regenerable, rapports et fixtures conserves";"FBD31F7B7B09EBF16D3BB6B762691AB106CCF183B5A8F6F4D616B32160901505"
"V3/verification-palmares/awards-360x640.png";"263483";"V1/V2/V3: rendu de verification ou capture regenerable, rapports et fixtures conserves";"D8F320FD62E29995DA48336B3E8590A469E12E3197AF609E8F166C55D954ED11"
"V3/verification-palmares/awards-390x844.png";"403721";"V1/V2/V3: rendu de verification ou capture regenerable, rapports et fixtures conserves";"C3FC72AB243881CC708CCE698677A5A1E12271D732789B9F551769E34D93763D"
"V3/verification-palmares/awards-844x390.png";"260600";"V1/V2/V3: rendu de verification ou capture regenerable, rapports et fixtures conserves";"47F74CA358B04DAAC305D07E5C5BDC46B1FF1B3F0FB13313B7DE0F7E0C9C5832"
"V3/verification-palmares/awards-900x900.png";"996716";"V1/V2/V3: rendu de verification ou capture regenerable, rapports et fixtures conserves";"F5DC6A3F931CECFC836F23DBF4296FBEBA9634E0F7A2E108D0A41102CE4BA54D"
"V3/verification-palmares/definitions-1600x1080.png";"1122699";"V1/V2/V3: rendu de verification ou capture regenerable, rapports et fixtures conserves";"28760F17B90825A8CE9546B878B1656AEA0B15B0E423C53D6B1A70DBA4E7EB4B"
"V3/verification-palmares/lineup-1600x1080.png";"1154143";"V1/V2/V3: rendu de verification ou capture regenerable, rapports et fixtures conserves";"FB5182280D438748016778223F6508BF397A5A1D60F314EBAF60BE588CD2913C"
"V3/verification-palmares/teams-1600x1080.png";"1075649";"V1/V2/V3: rendu de verification ou capture regenerable, rapports et fixtures conserves";"7B1CA03BAEF6E57A99682072A90EC1BA4DBAD42B4A585E8F07F7BDB61CFBC7F6"
"V3/verification-readability/boxscore-1024.png";"658886";"V1/V2/V3: rendu de verification ou capture regenerable, rapports et fixtures conserves";"785359E0A289142B2C7209D546E9055AFC1486AD96FDCFF2DDEFCF9BC007BEDB"
"V3/verification-readability/boxscore-1440.png";"1124421";"V1/V2/V3: rendu de verification ou capture regenerable, rapports et fixtures conserves";"8CB4574EEF3297C23AA384A4CD131CC47253001611517F5327865C3DE55341DE"
"V3/verification-readability/boxscore-360.png";"260718";"V1/V2/V3: rendu de verification ou capture regenerable, rapports et fixtures conserves";"DB78E7BF4206CAB51871BA29BD4A7D3854B6BC3B420627063186777C16CE277C"
"V3/verification-readability/boxscore-390.png";"306893";"V1/V2/V3: rendu de verification ou capture regenerable, rapports et fixtures conserves";"8D0C514C7AB442F27F5760E9FB6BD980309375B1B72064B3286F1D17DB580C29"
"V3/verification-readability/boxscore-844.png";"315093";"V1/V2/V3: rendu de verification ou capture regenerable, rapports et fixtures conserves";"211BDC5B062584F0FBF5F6BF7AAC4C44B9862C47DEAE8783680E41BFE3A38E4C"
"V3/verification-readability/boxscore-desktop.png";"1392338";"V1/V2/V3: rendu de verification ou capture regenerable, rapports et fixtures conserves";"63FB05CF94919D41FB7CF100C972F9AAE887377EE5DE68C7582B374BF3A59154"
"V3/verification-readability/decks-full-width.png";"4366361";"V1/V2/V3: rendu de verification ou capture regenerable, rapports et fixtures conserves";"D357662230BFC9BAFEE89E7CEECEB81676EF8C2A154755AA977525129BC89477"
"V3/verification-readability/duel-current-match.png";"2299979";"V1/V2/V3: rendu de verification ou capture regenerable, rapports et fixtures conserves";"F71BEEFACB424930AC7E3A8CB46D27224F2787033EE61E6FAA59782E4CB9F5E1"
"V3/verification-readability/report-awards.png";"2316772";"V1/V2/V3: rendu de verification ou capture regenerable, rapports et fixtures conserves";"406C0DE16EB9152BAC9BD1B99CB7FA30740470A45859765E71435CED8A2A36C3"
"V3/verification-readability/report-definitions.png";"1360002";"V1/V2/V3: rendu de verification ou capture regenerable, rapports et fixtures conserves";"58B410CC1DDEF42DE621A35FE6BC019434BDFEE45C2976E1B907F7A58F291D0F"
"V3/verification-readability/report-lineup.png";"1392513";"V1/V2/V3: rendu de verification ou capture regenerable, rapports et fixtures conserves";"848463725F8F2990C52D987E52CF344925A791BBD059E36CE0A8441560E36752"
"V3/verification-readability/report-teams.png";"1323010";"V1/V2/V3: rendu de verification ou capture regenerable, rapports et fixtures conserves";"824CCA327641761005E1FBB95F35AEAF7C6ACDD640D64DD3E584AF92AD7E558F"
"V3/verification-readability/reserve-1440.png";"1699912";"V1/V2/V3: rendu de verification ou capture regenerable, rapports et fixtures conserves";"3F1D59AD71875D8100BCA4BF48A54CF82C0DB0BA8C0E2F9FFCE446CDED08B6DB"
"V3/verification-readability/reserve-1600.png";"2352949";"V1/V2/V3: rendu de verification ou capture regenerable, rapports et fixtures conserves";"58AAE0115D06B984049078581C1019D5863DBB1433953B3327D4214711555D45"
"V3/verification-readability/reserve-360.png";"371424";"V1/V2/V3: rendu de verification ou capture regenerable, rapports et fixtures conserves";"F2F3093F2B2CEF6DD2DA6B408F14971F793B322ED18FF1CA8DA5DA55EE6F7C76"
"V3/verification-readability/reserve-390.png";"446781";"V1/V2/V3: rendu de verification ou capture regenerable, rapports et fixtures conserves";"4D98EE9D941D2D012794264E89EBDEE206F2F1563A233BCE67A67B17D73DD1E6"
"V3/verification-site/archives-mobile.png";"44941";"V1/V2/V3: rendu de verification ou capture regenerable, rapports et fixtures conserves";"58EF24DF7899C7F6555F1C6960CB1FC5002B62FC4518AB961AD05B5FE4368300"
"V3/verification-site/arena-1440.png";"1649976";"V1/V2/V3: rendu de verification ou capture regenerable, rapports et fixtures conserves";"A4A16532DCD21E5B1B58FFE8C9523C5F89A11E85A83E52B9CC3A61E65424AF4A"
"V3/verification-site/arena-2560.png";"4038794";"V1/V2/V3: rendu de verification ou capture regenerable, rapports et fixtures conserves";"715E67F1A8052AC2EB5434372E34D1508D3C89B1B940CA2A5942B7B385D540CB"
"V3/verification-site/arena-360.png";"170633";"V1/V2/V3: rendu de verification ou capture regenerable, rapports et fixtures conserves";"F6B5E5B33B05C2A791F415E5E518F72FEB1825FA39181E7951945AFD5E07533F"
"V3/verification-site/arena-390.png";"197215";"V1/V2/V3: rendu de verification ou capture regenerable, rapports et fixtures conserves";"6DD30A2C55089B73D33A8754FA392426E7B25C7EC27F1A0374F34C436B6BB494"
"V3/verification-site/arena-desktop.png";"182588";"V1/V2/V3: rendu de verification ou capture regenerable, rapports et fixtures conserves";"CCF02022C3D89EDA9575AA3E313BE4BDDB680D4433A1A7A2BA2031D15D22796A"
"V3/verification-site/arena-mobile.png";"67762";"V1/V2/V3: rendu de verification ou capture regenerable, rapports et fixtures conserves";"7D3420FF95C9AC8E470EBD14DFE2458465D039D427431D98BA80B9A0AE1C9D5C"
"V3/verification-site/arena-wide-preview.png";"2928674";"V1/V2/V3: rendu de verification ou capture regenerable, rapports et fixtures conserves";"11724E3A956B22C530702E03B2F5D6F5C2F46D221BDA16977DABC79AB8ABADE3"
"V3/verification-site/collection-desktop.png";"779958";"V1/V2/V3: rendu de verification ou capture regenerable, rapports et fixtures conserves";"B6817447DF9A400FF066C5426993A9432879ED2B94EE5D10FD5B3C094BCDDEAD"
"V3/verification-site/collection-mobile.png";"108367";"V1/V2/V3: rendu de verification ou capture regenerable, rapports et fixtures conserves";"BB9EB12505F3B2FE533C5B79EEDD9AA6177EFDE80BBECA4E8504615D0EEA412A"
"V3/verification-site/guard-animation.png";"51705";"V1/V2/V3: rendu de verification ou capture regenerable, rapports et fixtures conserves";"137D4296F792C0EE42FF22300B91FBA9420B7A1EC9F97A22107024D24FE38FC5"
"V3/verification-site/mock/archives-mobile.png";"45869";"V1/V2/V3: rendu de verification ou capture regenerable, rapports et fixtures conserves";"8589AD64A81D87319BF538B924D51154FFF942E94C2B2BA4537D369E943A7F69"
"V3/verification-site/mock/arena-1440.png";"1454598";"V1/V2/V3: rendu de verification ou capture regenerable, rapports et fixtures conserves";"F3B27E58254865B457DE1744420D71720BCFDBF252E6A727C3EFD10419D32AC3"
"V3/verification-site/mock/arena-2560.png";"4005683";"V1/V2/V3: rendu de verification ou capture regenerable, rapports et fixtures conserves";"FBFF8646786989BBC9632F1A35D52601E353F101FBD843E9B55644445846179E"
"V3/verification-site/mock/arena-360.png";"163197";"V1/V2/V3: rendu de verification ou capture regenerable, rapports et fixtures conserves";"11490EE8D0D5E8833B2338BAAEBE618EA256292B301367AD1AAE734D74BCB294"
"V3/verification-site/mock/arena-390.png";"197426";"V1/V2/V3: rendu de verification ou capture regenerable, rapports et fixtures conserves";"3E0B8BB317F51756E4A51ED3651835BB55AAADDD6B626CBB760759E4A11CACC7"
"V3/verification-site/mock/collection-desktop.png";"817140";"V1/V2/V3: rendu de verification ou capture regenerable, rapports et fixtures conserves";"8BF872B49D294D58B04488EA600968BC253EE3BBC63D489BB7E359D8412897C5"
"V3/verification-site/mock/collection-mobile.png";"191484";"V1/V2/V3: rendu de verification ou capture regenerable, rapports et fixtures conserves";"C30780322F391984BEF683D45C91BE00AE0B6FEF9CCBA779753967280848DC0C"
"V3/verification-site/mock/guard-animation.png";"69018";"V1/V2/V3: rendu de verification ou capture regenerable, rapports et fixtures conserves";"9EE74C8E4C41D218C6F4984F3B69B2E4F166C7DC7181E9EE6BC70A97C215358F"
"V3/verification-squad/squad-1280.png";"1171874";"V1/V2/V3: rendu de verification ou capture regenerable, rapports et fixtures conserves";"59EFD327FE3CF219F1FCBDD6EB4E6C79AC5EC64CBCCCD901FE7997E54172CAFC"
"V3/verification-squad/squad-1440.png";"1672195";"V1/V2/V3: rendu de verification ou capture regenerable, rapports et fixtures conserves";"E5BD50AC83A3125EA3946F4A46FCB770190AAB8C308643E357A6F6B627767C8F"
"V3/verification-squad/squad-1600.png";"2194482";"V1/V2/V3: rendu de verification ou capture regenerable, rapports et fixtures conserves";"3BA685B65374F9BB52073D2EEFAED3A57980DBCDFC4C5CFDA225216E92BC292F"
"V3/verification-squad/squad-2560.png";"4511961";"V1/V2/V3: rendu de verification ou capture regenerable, rapports et fixtures conserves";"1A47F2865A72BA7C56B4832FC6512B90460B15B50B1AE2C26A133FD5258B849D"
"V3/verification-squad/squad-360-board.png";"319154";"V1/V2/V3: rendu de verification ou capture regenerable, rapports et fixtures conserves";"BD95548632C2B0CF78E8D445106AC21136D5A037EFEBA88D40C17AE31F9E61B0"
"V3/verification-squad/squad-360-inspect.png";"306193";"V1/V2/V3: rendu de verification ou capture regenerable, rapports et fixtures conserves";"132DEE8131B99EBB331F0E9A260A5C4556CFA0F19B679075D316D6E2CDBB4707"
"V3/verification-squad/squad-360-synergy.png";"269390";"V1/V2/V3: rendu de verification ou capture regenerable, rapports et fixtures conserves";"1175BC40455A73FBB200516C0C28EA52C27A7C7175F11DE1A2023A17AA38F82E"
"V3/verification-squad/squad-390-board.png";"406397";"V1/V2/V3: rendu de verification ou capture regenerable, rapports et fixtures conserves";"123BEB7A4F8D4431A0449F4B642A8A25AE1E1348F4632E2DF7D5CD5B31B56AFF"
"V3/verification-squad/squad-390-inspect.png";"368571";"V1/V2/V3: rendu de verification ou capture regenerable, rapports et fixtures conserves";"889EF5CBD03C4C25B68E19136337CE4C70764366C5F9E4213D83FAE9038D3F03"
"V3/verification-squad/squad-390-synergy.png";"323503";"V1/V2/V3: rendu de verification ou capture regenerable, rapports et fixtures conserves";"1279C021AD3A22CF2497CAD04E3CCFD40AC94CC97F332531365DC4860F368993"
"V3/verification-squad/squad-844-board.png";"364924";"V1/V2/V3: rendu de verification ou capture regenerable, rapports et fixtures conserves";"2017D6881BF4A5CCA30CE112B3F8BAC654788DA34F8E336DF9FA42A7C75100B0"
"V3/verification-squad/squad-844-inspect.png";"329824";"V1/V2/V3: rendu de verification ou capture regenerable, rapports et fixtures conserves";"C68A7C963E2D1A555CBA89E89AB95981F39DC96CD4A2A72C3413966AA10B5E9F"
"V3/verification-squad/squad-844-synergy.png";"325337";"V1/V2/V3: rendu de verification ou capture regenerable, rapports et fixtures conserves";"83A83B1267913F3F3B4312C95CA18E3F91A3E78E53C40C25F1F4AF458550995D"
"V4/master/exports/MOMO-apercu.png";"2321189";"V4: rendu ou montage de controle du prototype abandonne";"45122CDF58157FB2C268095AD12B53FCB05380672F792571855171EF38BDA56B"
"V4/master/exports/MOMO-recompose.png";"4722933";"V4: rendu ou montage de controle du prototype abandonne";"322F7C7186F8F61D7BC588224A875117A12DC935F89DB9E76DF26835E6097922"
"V4/master/exports/TAULIO-apercu.png";"2157779";"V4: rendu ou montage de controle du prototype abandonne";"3749C57446BAB49BD0F663ACDDCF2C29AF1DCA31CE28FFD867D54FF7D8C3B384"
"V4/master/exports/TAULIO-chassis-02-apercu.png";"2334661";"V4: rendu ou montage de controle du prototype abandonne";"7954419D43EE75C2ECBF0672253ECB577EDCE68F46A0A9AF382D489C2A577C50"
"V4/master/exports/TAULIO-chassis-02.png";"6295915";"V4: rendu ou montage de controle du prototype abandonne";"12395EA3B96E9DA5EC0D69D07B5E42F5C675B0D6F89066FFB424F2CEF2E9F0E3"
"V4/master/exports/TAULIO-chassis-02.psd";"151845529";"V4: PSD intermediaire remplace par les cartes finales et le maitre 03F";"97B9BA8ACEF3EFFFE351D8A97993A4C985BA50F5D3D1800C0BB9FDA4A26B90C6"
"V4/master/exports/TAULIO-hybride-V4-V3-apercu.png";"2332261";"V4: rendu ou montage de controle du prototype abandonne";"993831D2CC248875C2ABEFD3B67A55E9729924E0F22843B72ED984960FD743FA"
"V4/master/exports/TAULIO-hybride-V4-V3.png";"6295915";"V4: rendu ou montage de controle du prototype abandonne";"257F2A0AB43EE08A65CB26E21F2B2FB1127AC00390184B8EA0F14D613B21D725"
"V4/master/exports/TAULIO-hybride-V4-V3.psd";"53447400";"V4: PSD intermediaire remplace par les cartes finales et le maitre 03F";"0390D75DA56F075F28F960152E1B5EAA17B9C9087B7B54FEE4FA7663A0D91F25"
"V4/master/exports/TAULIO-recompose.png";"4723412";"V4: rendu ou montage de controle du prototype abandonne";"8C0CFC10F7F3F187E2EAC9D901006CE91E9F8E4DDC73A43EFA25B403B36DCA1F"
"V4/master/exports/TAULIO-recompose.psd";"189307326";"V4: PSD intermediaire remplace par les cartes finales et le maitre 03F";"72148EE13481BBD9467CE79491BBB19B75A5987BAEE8E8671F148690EAFF6C7E"
"V4/master/staging/art.png";"2412095";"V4: rendu ou montage de controle du prototype abandonne";"E6FEE512E122B2FC55AB9C025CDB4B13DAE4E50BD4CA1A1688DA014A777F6F10"
"V4/master/staging/atk-D1-barrier.png";"42994";"V4: rendu ou montage de controle du prototype abandonne";"715B0DFC9862736672CBB9C50C9BAE5C3508206AD06CC4DF4FABFEC27AB7C1EA"
"V4/master/staging/atk-D1-effect.png";"32842";"V4: rendu ou montage de controle du prototype abandonne";"BB8C37923468EABC015FFF77DE2861E3922993FBD751B06A20F0CE7958870A8F"
"V4/master/staging/atk-D1-electric.png";"59117";"V4: rendu ou montage de controle du prototype abandonne";"1A5D3871B40A64BD30C59C724511D05ED704878DC95F973A75B33660C8BD5B27"
"V4/master/staging/atk-D1-physical.png";"27459";"V4: rendu ou montage de controle du prototype abandonne";"5613D611D93E2D2EC4E46545E9CC7E59D6238A328B4B6098CC7E84F5C5622C09"
"V4/master/staging/atk-D2-barrier.png";"43267";"V4: rendu ou montage de controle du prototype abandonne";"A5E40CB54F4E633094EBEBE85665AC242C4313B3D7AB3049C496FB7938A5F39C"
"V4/master/staging/atk-D2-effect.png";"34703";"V4: rendu ou montage de controle du prototype abandonne";"83ED9A8FDA40EA963868DED6FCABB7CDD58CB9989DD9AA2ACC494AD91FA7261D"
"V4/master/staging/atk-D2-electric.png";"59216";"V4: rendu ou montage de controle du prototype abandonne";"03C24EEF7F1178C8D8A5EBAAED163FB7C684397126180C74064B9172AA0C34F2"
"V4/master/staging/atk-D2-physical.png";"27969";"V4: rendu ou montage de controle du prototype abandonne";"DCDBA59DB455143D00907EA26F5FB56DCB575A834BF126839B3DDE4AA036F3CC"
"V4/master/staging/atk-D3-barrier.png";"43411";"V4: rendu ou montage de controle du prototype abandonne";"F845E03B9F6D583BC80D87D434F9146B6C52645AE4E581F039548F17B62C72A0"
"V4/master/staging/atk-D3-effect.png";"28282";"V4: rendu ou montage de controle du prototype abandonne";"2021861F05E2C665D15348443ADC99F8349A99252E3B8C94D64661F4A5A90A24"
"V4/master/staging/atk-D3-electric.png";"59245";"V4: rendu ou montage de controle du prototype abandonne";"3E1FA5737D18B46427E98E714DCB4DE356FC0222BAAA12FAFD9167065F890C3A"
"V4/master/staging/atk-D3-physical.png";"28282";"V4: rendu ou montage de controle du prototype abandonne";"2021861F05E2C665D15348443ADC99F8349A99252E3B8C94D64661F4A5A90A24"
"V4/master/staging/atk-D4-barrier.png";"43477";"V4: rendu ou montage de controle du prototype abandonne";"29C172659794CCD93D0C98A8E7A4CEA1230C0B182F401BD70A4533B47650BB8B"
"V4/master/staging/atk-D4-effect.png";"28507";"V4: rendu ou montage de controle du prototype abandonne";"EBA233501D6CDDD28F1C5D12901F343FB2D1317D50BA0D0E1F950D4B91497B76"
"V4/master/staging/atk-D4-electric.png";"59271";"V4: rendu ou montage de controle du prototype abandonne";"1592F6B0592649AA26C0C7CDDDA55EC3391D3515E73B700152661E786196DF28"
"V4/master/staging/atk-D4-physical.png";"28507";"V4: rendu ou montage de controle du prototype abandonne";"EBA233501D6CDDD28F1C5D12901F343FB2D1317D50BA0D0E1F950D4B91497B76"
"V4/master/staging/atk-D5-barrier.png";"43339";"V4: rendu ou montage de controle du prototype abandonne";"3BC80AFCE9FD1D5938915C79847246028A32800A81FCEC70D7728AF363D3DFE4"
"V4/master/staging/atk-D5-effect.png";"28447";"V4: rendu ou montage de controle du prototype abandonne";"D045A28853BEC9D49CE5B0B34CF83D15D72590B139FC6B6D24E40B5D0EC1303D"
"V4/master/staging/atk-D5-electric.png";"59076";"V4: rendu ou montage de controle du prototype abandonne";"C192E60D109705D4903726CD17A3A3F89CE73B3148F450CCE14FB9F319158629"
"V4/master/staging/atk-D5-physical.png";"28447";"V4: rendu ou montage de controle du prototype abandonne";"D045A28853BEC9D49CE5B0B34CF83D15D72590B139FC6B6D24E40B5D0EC1303D"
"V4/master/staging/atk-D6-barrier.png";"76868";"V4: rendu ou montage de controle du prototype abandonne";"3A9F2FFD67E562719DBF2FB4472F2FD9743043F5E84CF6687D50D9C3381AD8AA"
"V4/master/staging/atk-D6-effect.png";"48470";"V4: rendu ou montage de controle du prototype abandonne";"3B0B777F068A8E6B0D73D99C1D798F7D9047997779C4470B2501E9D8B27AD2E0"
"V4/master/staging/atk-D6-electric.png";"112722";"V4: rendu ou montage de controle du prototype abandonne";"CACDD872E7A66D066D1CAA7EC371F982A3625F143F577BBBDD167D16B06B17A9"
"V4/master/staging/atk-D6-physical.png";"48470";"V4: rendu ou montage de controle du prototype abandonne";"3B0B777F068A8E6B0D73D99C1D798F7D9047997779C4470B2501E9D8B27AD2E0"
"V4/master/staging/barcode.png";"7755";"V4: rendu ou montage de controle du prototype abandonne";"D9C48A85B40FCB2630D9D1C7E410B6A52C994B5E2CB485473BBD1CF2708ADE90"
"V4/master/staging/crystal.png";"71998";"V4: rendu ou montage de controle du prototype abandonne";"01F713C29F08A69902C8402055E916D71698BEA453AA88789BC1916DD355F597"
"V4/master/staging/defense-D1-barrier.png";"42987";"V4: rendu ou montage de controle du prototype abandonne";"47008D302BB5DDD1586154B55BF2F7A42A91839E0E64E207C9ADA1C9BFABAF8C"
"V4/master/staging/defense-D1-effect.png";"27446";"V4: rendu ou montage de controle du prototype abandonne";"8056151AD60A89929F80BFEDFC84462CE9DEB24E3B75EF62623632BE01026E98"
"V4/master/staging/defense-D1-electric.png";"59168";"V4: rendu ou montage de controle du prototype abandonne";"0DB944076FE98EF39CD20B03C693C83F49C3975B83029A71F86043DB31092749"
"V4/master/staging/defense-D1-physical.png";"27730";"V4: rendu ou montage de controle du prototype abandonne";"1A64504DD76C39957FE350057FCAFE96A44ABB6DAA8EC8AD2B99CBE31CD509DF"
"V4/master/staging/defense-D2-barrier.png";"43244";"V4: rendu ou montage de controle du prototype abandonne";"20D16314A1693322E284B12C5A4CAB7AF21A6043E5CF1929C1EEFD22E2BA6D58"
"V4/master/staging/defense-D2-effect.png";"27962";"V4: rendu ou montage de controle du prototype abandonne";"691EB350D065C15B49812B2792BAEE30A6BE2A5968046F41697A1BE5F839E650"
"V4/master/staging/defense-D2-electric.png";"59279";"V4: rendu ou montage de controle du prototype abandonne";"AC27BC47FE9DE407867FCA734FF36892358304113A8CBEC87ECC2C8BC5F05222"
"V4/master/staging/defense-D2-physical.png";"28190";"V4: rendu ou montage de controle du prototype abandonne";"8CAE44EFF8840C66AC4A06F50DC840150E5810DE0A4B7308BF9FC568B5A12342"
"V4/master/staging/defense-D3-barrier.png";"43407";"V4: rendu ou montage de controle du prototype abandonne";"E9EA60C1EFB3AFE6C88CF13A42F2C2F36F1CE5AD5563CD1A6DF7A1F12EAC1060"
"V4/master/staging/defense-D3-effect.png";"28278";"V4: rendu ou montage de controle du prototype abandonne";"8CF89671987FFC0179E6A084A6B697D4FE20A7E4602DB416D2AA893139427752"
"V4/master/staging/defense-D3-electric.png";"59309";"V4: rendu ou montage de controle du prototype abandonne";"516D716F445EF47D90649FE0FC62F4ABE205B5DA1F0706D60104730D47977AC0"
"V4/master/staging/defense-D3-physical.png";"28511";"V4: rendu ou montage de controle du prototype abandonne";"F489ACF0D3AEDE9EACDE0B55D275D83FDCF250DC0FE1445B1734930201ABCBF5"
"V4/master/staging/defense-D4-barrier.png";"43472";"V4: rendu ou montage de controle du prototype abandonne";"76866F8A2480F40736998B3FEAE928FB5F395477EDC1C066689C7EEB41A6AABE"
"V4/master/staging/defense-D4-effect.png";"28504";"V4: rendu ou montage de controle du prototype abandonne";"586EEE64357539CC5A3A870B254079A5FED2DE87F417BFF5EB9C7D1DAAF38DCC"
"V4/master/staging/defense-D4-electric.png";"59326";"V4: rendu ou montage de controle du prototype abandonne";"C3D452D59DF61927643BB11C472EBD1B2389F235803055E67C8E3945AE1B3530"
"V4/master/staging/defense-D4-physical.png";"28619";"V4: rendu ou montage de controle du prototype abandonne";"8B8E881A4734FCCAA7E258BD33E3A19B923E712F98CF87A24C969993E7A3D8D6"
"V4/master/staging/defense-D5-barrier.png";"43337";"V4: rendu ou montage de controle du prototype abandonne";"76E2FEA02C7D4AF9A2CA5747754DE0E5ADB691A15D04FFA517E4F9EB477E22BF"
"V4/master/staging/defense-D5-effect.png";"28446";"V4: rendu ou montage de controle du prototype abandonne";"07484DC0FC848DD9F825B1853010A81D4403B72CBCF05A43DFC366CC22A43018"
"V4/master/staging/defense-D5-electric.png";"59147";"V4: rendu ou montage de controle du prototype abandonne";"42AC5A0AFBB9E290839DFD354FD9A2CE31AA0910682AB8665E144B18092479FB"
"V4/master/staging/defense-D5-physical.png";"28485";"V4: rendu ou montage de controle du prototype abandonne";"97375756732390E2BF6F2B7891877E664F426F3C848044F3F50444DD1CAD0F0C"
"V4/master/staging/defense-D6-barrier.png";"76928";"V4: rendu ou montage de controle du prototype abandonne";"E0848F65F71A7562EEE47CF3ABDA693DB3E5A9FEB517D37FA6B1EE049CA5227B"
"V4/master/staging/defense-D6-effect.png";"48504";"V4: rendu ou montage de controle du prototype abandonne";"6FDF38C55D05320A1AF3F914E5FF3DF5654792905C67822BE4D63AD5FD080619"
"V4/master/staging/defense-D6-electric.png";"113727";"V4: rendu ou montage de controle du prototype abandonne";"0A683F11C9C5734B3885E691A6473CF92DEBE781F3E7B60D815F4CFFE032FF88"
"V4/master/staging/defense-D6-physical.png";"46836";"V4: rendu ou montage de controle du prototype abandonne";"39B088CC4E29E3E457C1B08BABCB3033A7970230B9CF07E14410EA2150CBB72B"
"V4/master/staging/effect-base.png";"3666794";"V4: rendu ou montage de controle du prototype abandonne";"C7C97F938763E5CAE701F281D63B542A908CE3675586B93EF535AE0952FE9AF4"
"V4/master/staging/flag.png";"44755";"V4: rendu ou montage de controle du prototype abandonne";"E4630E399181C21554CEFC3789B190DA891298D48019040C6B1099EC9CFCABCC"
"V4/master/staging/frame-tint.png";"94021";"V4: rendu ou montage de controle du prototype abandonne";"63968224583498A586346C2844BBCD5FF69A700B6249F13BAA7DFAB48B8E93D1"
"V4/master/staging/position-0.png";"3680251";"V4: rendu ou montage de controle du prototype abandonne";"59A542617878AE7B4E02D5B5E320A154AE52A4D0527414AFCC07EA042B284610"
"V4/master/staging/position-1.png";"3483435";"V4: rendu ou montage de controle du prototype abandonne";"2ADE581C49F0BEDCA6B5A3413B25A1B8905A4925BBAD416960E34E49AB76E205"
"V4/master/staging/position-2.png";"3170857";"V4: rendu ou montage de controle du prototype abandonne";"DF23D6B5FB96E4FC545D460F44A7D3C3844BE04935545860B79D2023A82728AE"
"V4/master/staging/position-3.png";"2872678";"V4: rendu ou montage de controle du prototype abandonne";"95A48792F63F6CE81B6AC72931BAF186CA81296CECC8006D12980BB3CD725256"
"V4/master/staging/position-4.png";"2612407";"V4: rendu ou montage de controle du prototype abandonne";"D22A0407A92BCBCA4EC87A2FEE58D7F80682BD23339DC4AF60A72F4623CB56B4"
"V4/master/staging/race.png";"23005";"V4: rendu ou montage de controle du prototype abandonne";"8AC35AEF5E12139B869FC9269244D5801830F713543973668653B560C8459378"
"V4/master/staging/weapon.png";"9903";"V4: rendu ou montage de controle du prototype abandonne";"431A3438D54D9A5299927B2A57C1C6FA0782C870E11C9AA5E3B2E997D96ABDC8"
"V4/master/verification/art-registration.png";"31829";"V4: rendu ou montage de controle du prototype abandonne";"17E2A32DDA11EA1A654AB51B8E55D8D70793B7C218DB8CA92C54B5DA91CA24F5"
"V4/master/verification/barcode-reference-before.png";"246771";"V4: rendu ou montage de controle du prototype abandonne";"1ECDE37D3BA935083F97EE225D9736CC9DECA63E1CD38BCF1B3CC4064EDF2D57"
"V4/master/verification/barcode-taulio-before.png";"169725";"V4: rendu ou montage de controle du prototype abandonne";"7364240E926295828F32334404E3F622A0F7D1305B654EE1251C2DE840F42519"
"V4/master/verification/comparaison-reference-maitre.png";"1712278";"V4: rendu ou montage de controle du prototype abandonne";"F682C4A1EC341656EAA3FCE1F98ECF7CF065ECF42FEE2BE5FAEF72287787AF09"
"V4/master/verification/detail-bas.png";"706873";"V4: rendu ou montage de controle du prototype abandonne";"3BD3C1C1F9B2D46F8163C99BBAC7ED91CE91D5A2280624344C02EF8681EC9C8E"
"V4/master/verification/illustration-apercu.png";"1279387";"V4: rendu ou montage de controle du prototype abandonne";"C0666E1D80A9A08648CA7C891975E4DA04344391AF6745D55CDABEE880453A49"
"V4/master/verification/lecture-280.png";"338858";"V4: rendu ou montage de controle du prototype abandonne";"D81ACD81BD5A47D4A7BF36D7C4039D26AB205D20493A88E89B9B905224697C64"
"V4/master/verification/left-mount-source.png";"534060";"V4: rendu ou montage de controle du prototype abandonne";"283FC8A8E72FC4208962C24DF7932866A68C18811A894EAF2928D14E5FA06B64"
"V4/master/verification/MOMO-supports.png";"4723400";"V4: rendu ou montage de controle du prototype abandonne";"316E400940D28757F131CDC966E95F2C503D4B8A8947462426573E1908B34BE6"
"V4/master/verification/MOMO-TAULIO-maitre.png";"2465127";"V4: rendu ou montage de controle du prototype abandonne";"B41400A3FD1265E97DF83BCD8BC132C0BB064B97D116E835F2A01EB85DFA2ED4"
"V4/master/verification/mount-source.png";"286799";"V4: rendu ou montage de controle du prototype abandonne";"A683385CC7B0EA7F01B04471BBB9F0663D22B438899428E9CA4C51606378D215"
"V4/master/verification/physique-apercu.png";"2131400";"V4: rendu ou montage de controle du prototype abandonne";"25E4346D7CEB8F5E5F8E2F92F0F3A92156140CE0C8A4F45EC188A56428DF888B"
"V4/master/verification/pipeline-render.png";"4723765";"V4: rendu ou montage de controle du prototype abandonne";"D8E63D7AC3902460397EB1E10FF5642DC1835F3002A2638BAFEEC5658A71CE6D"
"V4/master/verification/positions-detail.png";"75323";"V4: rendu ou montage de controle du prototype abandonne";"5754EC8B7C198ABD819E18D36A83636A039EA46B3A4B0E4D55F8DFEC25E8CF7F"
"V4/master/verification/rail-master.png";"506211";"V4: rendu ou montage de controle du prototype abandonne";"F931E0ECABAF0691BBE340A3232EE20373C29EC01F4BF0B4754A1C912D5B6AB9"
"V4/master/verification/rail-original.png";"541212";"V4: rendu ou montage de controle du prototype abandonne";"735810BB3EDF5E5CA79B6A1A9258C590CE69A099004E3774152F256752E4E9CA"
"V4/master/verification/role-labels-source.png";"350232";"V4: rendu ou montage de controle du prototype abandonne";"7B07887B7D5FCCF47ADD4891B16D53917D52E3839417590C2B74CBB850E5C23E"
"V4/master/verification/supports-change-mask.png";"23653";"V4: rendu ou montage de controle du prototype abandonne";"5201118980CDCE8D7149F921925A0BCDF05C5E2375A9B1BA141B85FCEFFA7B2F"
"V4/master/verification/TAULIO-chassis-02-280.png";"354146";"V4: rendu ou montage de controle du prototype abandonne";"BBF1F89F1BE26DBAE80E65F3FF7EAF23F69A49F446AD3FEB00F1C63DA5C45F82"
"V4/master/verification/TAULIO-chassis-02-barcode.png";"105786";"V4: rendu ou montage de controle du prototype abandonne";"AA3522B162C934E9D01D175780E7CB90F3D51A3F5A1C8F8C4AE9CD4A6395E292"
"V4/master/verification/TAULIO-chassis-02-details.png";"867788";"V4: rendu ou montage de controle du prototype abandonne";"4826A3AF4F62A0A9A8E89CD50628A098609943256AB3F241FE0BE8DFAF8D4DA4"
"V4/master/verification/TAULIO-chassis-02-droite.png";"815541";"V4: rendu ou montage de controle du prototype abandonne";"820328D72F5A8C99F6AE56C92E1B27A3F2262FDA2C911AFBA73E34CA9A795A2E"
"V4/master/verification/TAULIO-chassis-02-reexport.png";"6296269";"V4: rendu ou montage de controle du prototype abandonne";"9FBA7828576BD82C889D7F74F24044A366618817D8790E1753C79760BF5E0FF8"
"V4/master/verification/TAULIO-detail-bas.png";"698783";"V4: rendu ou montage de controle du prototype abandonne";"4D94F6302593E3C360B971AF141316D26B0D47845CCC99B304AB3DE4C865DDB4"
"V4/master/verification/TAULIO-hybride-V4-V3-280.png";"354923";"V4: rendu ou montage de controle du prototype abandonne";"7FD08663B75A494D92B37991EB50EB332DC29A23E7A211DFF7C3437E145028EB"
"V4/master/verification/TAULIO-hybride-V4-V3-bas.png";"725212";"V4: rendu ou montage de controle du prototype abandonne";"57196A98BB8893FAE8A2D2DC3CECD236821EC8041A78D06F361C45DE87132009"
"V4/master/verification/TAULIO-hybride-V4-V3-reexport.png";"6296269";"V4: rendu ou montage de controle du prototype abandonne";"58FA42EEBBB279A5BB3DA4CEA9E36440A117939CB30E935D1D487D6F82A2B8BB"
"V4/master/verification/TAULIO-lecture-280.png";"323145";"V4: rendu ou montage de controle du prototype abandonne";"E341F0F7929580D7AC4A1789B1449921A7459975DB016FF070F95BB06D7C6BC0"
"V4/master/verification/taulio-rails-before.png";"702753";"V4: rendu ou montage de controle du prototype abandonne";"7F19FC0F31AA0108294BA4AF2A65B8AF64A80B9321700C26B323AF14E3379BB8"
"V4/master/verification/TAULIO-recompose-reexport.png";"4723766";"V4: rendu ou montage de controle du prototype abandonne";"33D3034F7F80C25284360842AA5A493442E3D9418B85058E618351C4B1F3B8AA"
"V4/master/verification/TAULIO-reexport-preview.png";"1040609";"V4: rendu ou montage de controle du prototype abandonne";"4A8AC78756D405F2A39797DDDFBB29271A0B2C267B277F534C1C337AA5D0A319"
"V4/master/verification/test-cinq-positions.png";"4723765";"V4: rendu ou montage de controle du prototype abandonne";"0E6778065A5935558186C108322C7868D26C996F76B423EDAD88203E555884FD"
"V4/master/verification/test-identique.png";"4723765";"V4: rendu ou montage de controle du prototype abandonne";"506F107F11285FE98507B1DDE00B51D86CD575E7D44DF51B14D70B9D0711235B"
"V4/master/verification/test-illustration.png";"4723765";"V4: rendu ou montage de controle du prototype abandonne";"8C80021E8199217677B313C26C1FEE44D1D4578DBA9C13674BF5C701F2A84B5E"
"V4/master/verification/test-tout-physique.png";"4723775";"V4: rendu ou montage de controle du prototype abandonne";"D63C299080993B32974F3CCD298555D00414D3620E4AB8DE997175EB54E3A30F"
"V4/master/verification/test-valeur-203.png";"4723765";"V4: rendu ou montage de controle du prototype abandonne";"927A29E97BAE32E2573F4F224CA8D161091D4BA935FA72E7B981CDDE392828C6"
"V4/momo-bottom/card-preview.png";"1867299";"V4: export de controle historique, original et donnees conserves";"4E3A237230B41E3BC27191E87BDF6E6D613097A88F22E1C8E021F973D251FF59"
"V4/momo-bottom/render-photoshop.png";"4041290";"V4: export de controle historique, original et donnees conserves";"1FE5762973E6ED411B26A0C201E1497E8434CBE458816645B0A55FC07D11262D"
"V4/momo-bottom/reopened-photoshop.png";"4041423";"V4: export de controle historique, original et donnees conserves";"6844FB16E6EA55A18C017F3C4D6FF40BF9DE4181B58FEA45D9BB430880DF1A5D"
"V4/momo-bottom/source-preview.png";"2245797";"V4: export de controle historique, original et donnees conserves";"8CF014C0B1F282AC4AD352A0C790E66B6395CDEB8B3EF26192FAAE6E76AC3AE6"
"V4/momo-bottom/source-v3-rgb.psd";"27419846";"V4: PSD intermediaire remplace par les cartes finales et le maitre 03F";"E6017127C41772ACE02AE4C669155CE68CE64FDF60199FE5A441D7CD28035965"
"V4/momo-bottom/atk-backgrounds/preview.png";"1865313";"V4: export de controle historique, original et donnees conserves";"3855A5CA3B2C6B9D38AEB40511909B78327285ADB65D51F5958A82B62F8687F1"
"V4/momo-bottom/atk-backgrounds/reopened-photoshop.png";"4041454";"V4: export de controle historique, original et donnees conserves";"EAFC15D214A0E15E2D7E5606278DEA9E7D9E2E1B0EA6FCB20B10F0D7BCE947E4"
"V4/momo-bottom/atk-contrast/preview.png";"1870827";"V4: export de controle historique, original et donnees conserves";"BE0C4E48E124326855C5941CD6AE10A2E918C66EE73A5C4782100CAA653F030B"
"V4/momo-bottom/atk-contrast/reopened-photoshop.png";"4041457";"V4: export de controle historique, original et donnees conserves";"327105C29389B840DBE03492ECB5A467B69DD92A7268F30DE5B5D27EED37B294"
"V4/momo-bottom/attachment-shadow/preview.png";"1874179";"V4: export de controle historique, original et donnees conserves";"44B96F9994B845BDF69921102649FA5D47B900DF98F63EC0CD59D22B6E1713D4"
"V4/momo-bottom/attachment-shadow/reopened-photoshop.png";"4041462";"V4: export de controle historique, original et donnees conserves";"2E8AB0CEECA79E5C8FCDEB80E93D9369008E62E2967D5E3D0671FC7BBF5E0A1A"
"V4/momo-bottom/flag-barcode/preview.png";"1874283";"V4: export de controle historique, original et donnees conserves";"BB469EB4AA63BC321A1880A8380E6182A671DEFBECAEC40C7FC6F9B2CC59B3CB"
"V4/momo-bottom/flag-barcode/reopened-photoshop.png";"4041501";"V4: export de controle historique, original et donnees conserves";"1BA148907EDA510C46BE5E049C9D028D72843BC8864FF9C0812C8C1678207964"
"V4/momo-bottom/generated-gold/preview.png";"1876397";"V4: export de controle historique, original et donnees conserves";"85EACDBBB55AA042F6311C7F2EC63F0B275C4E1804C9246F0111DF1ED74D8F57"
"V4/momo-bottom/generated-gold/reopened-photoshop.png";"4041501";"V4: export de controle historique, original et donnees conserves";"981FEED92DE7DFD4012C2EEBD1E265A9F98F9E2A3009020D8753E329F1B6EF78"
"V4/momo-bottom/gold-alignment/preview.png";"1874640";"V4: export de controle historique, original et donnees conserves";"E0BD7A8B2417BFEAD6C2FE60DE638F4B48358D73D1CA91CFBB21CCF2253D027C"
"V4/momo-bottom/gold-alignment/reopened-photoshop.png";"4041509";"V4: export de controle historique, original et donnees conserves";"7EE1BD9638CD3E2E20B1E3464CECD0D7E5BA88F379ABA075D4C6B6A101DB1934"
"V4/momo-bottom/gold-optical/preview.png";"1867213";"V4: export de controle historique, original et donnees conserves";"A5B201DB40E14BDB6B35ED77F7C2A8E6E073AB5063C0B8D8A61E9497F88D528C"
"V4/momo-bottom/gold-optical/reopened-photoshop.png";"4041475";"V4: export de controle historique, original et donnees conserves";"5CEF76D47BF006D6F51656848BB68B884E9910C1F5CE41C2D8A503315CBF660A"
"V4/momo-bottom/number-type/preview.png";"1870759";"V4: export de controle historique, original et donnees conserves";"86115BECD5B88430A8F2FBA0AA8C0865EF069F0AF911E2BB22854031DAE8F9D4"
"V4/momo-bottom/number-type/reopened-photoshop.png";"4041320";"V4: export de controle historique, original et donnees conserves";"BF19B93779138C35BF5BC7DC737CACCBE1E86204D5D05C049955AE161FA65E25"
"V4/momo-bottom/positions-flag/preview.png";"1872019";"V4: export de controle historique, original et donnees conserves";"05017CCD8C36A892FE0B890B35A0DD2F0EFDCD2E3A52D745098761E7BF77F55E"
"V4/momo-bottom/positions-flag/reopened-photoshop.png";"4041485";"V4: export de controle historique, original et donnees conserves";"F0E50A8A8D11DEF4C83D9A05A652C21C1F71537CF2DF71B46DCB5B20DCF403A8"
"V4/sauvegardes_psd/2026-09-16_09-43-31/AVANT_ENREGISTREMENT_MOMO_V4_06_CONTRASTE_ATK.psd";"49162188";"V4: PSD intermediaire remplace par les cartes finales et le maitre 03F";"828E580AF65BDB7524C34B5FE830255EC36714B064BD2271DE6883B2E7AC66F4"
"V4/sauvegardes_psd/2026-09-16_09-43-31/KALISTAR_MASTER_V4_RECUPERE.psd";"208555996";"V4: PSD intermediaire remplace par les cartes finales et le maitre 03F";"488E465F8868BB7EB1597A315644062DC6055B49EE3E0943F5EA6E2BC2BC79A8"
"V4/sauvegardes_psd/2026-09-16_09-43-31/MOMO_V4_06_CONTRASTE_ATK_SNAPSHOT.psd";"49165288";"V4: PSD intermediaire remplace par les cartes finales et le maitre 03F";"1214258ACD3D13B30C36310958F8369F651A4AB48238F72415E65AE20BE74069"
"V4/template-stable/fixed-taulio.png";"4041778";"V4: export de controle historique, original et donnees conserves";"AB00978753D49C80E5A4B051BE7F49778FB237389697E4B8CBD987CC6ABD455A"
"V4/template-stable/fixed-template.png";"4042002";"V4: export de controle historique, original et donnees conserves";"5D31E4686C490211D3D5C336D9A46117CD076A39CA7F38BAE9A1B97E251FC23A"
"V4/template-stable/KALISTAR_V4_TEMPLATE_01.psd";"69066083";"V4: PSD intermediaire remplace par les cartes finales et le maitre 03F";"D2F76DF34F5EF88CA37C8C3ED4B4CB8B07DB73EE5AE4611204B058E32C75BA01"
"V4/template-stable/KALISTAR_V4_TEMPLATE_02_ELECTRO.psd";"79452351";"V4: PSD intermediaire remplace par les cartes finales et le maitre 03F";"81A68B9813A99C8F6C75FFA73E6E3D8A490907108445D963149BBE2B92D6C388"
"V4/template-stable/KALISTAR_V4_TEMPLATE_03_ELECTRO.psd";"84922294";"V4: PSD intermediaire remplace par les cartes finales et le maitre 03F";"876109E21D285C16E363E9FEB35DE7867C67349C9DCE2F73EEE15600F89A92C2"
"V4/template-stable/KALISTAR_V4_TEMPLATE_03B_ELECTRO_ENCRE.psd";"84747772";"V4: PSD intermediaire remplace par les cartes finales et le maitre 03F";"B422A49CA6CBD8134D354D228A38D77174E42750D948AF190DB143E32C3BACF3"
"V4/template-stable/KALISTAR_V4_TEMPLATE_03C_ELECTRO_MOMO_BAL.psd";"91404074";"V4: PSD intermediaire remplace par les cartes finales et le maitre 03F";"7B87330E033920CC9C6BCCC41FD5F12DE996EE99E4BEB96D3DAF7CA83CF97FD0"
"V4/template-stable/KALISTAR_V4_TEMPLATE_03D_ELECTRO_RIKKA.psd";"101290410";"V4: PSD intermediaire remplace par les cartes finales et le maitre 03F";"7995CA55BEA2EAA60F742BAE75D872C3424E5C45D46D5B19CD5779D8BB637191"
"V4/template-stable/KALISTAR_V4_TEMPLATE_03E_ELECTRO_RIKKA.psd";"101170328";"V4: PSD intermediaire remplace par les cartes finales et le maitre 03F";"118F244280866C8D24B0E871D2C7B66930AA3555FF1E0A3D3787C180281AF264"
"V4/template-stable/MOMO-preview.png";"1874640";"V4: export de controle historique, original et donnees conserves";"4AC187248F90BB6DADB377794978C6FB2895F4ACCB9B9E9BDB3381B51B66C0FF"
"V4/template-stable/reference-photoshop-preview.png";"1874640";"V4: export de controle historique, original et donnees conserves";"E0BD7A8B2417BFEAD6C2FE60DE638F4B48358D73D1CA91CFBB21CCF2253D027C"
"V4/template-stable/reference-photoshop.png";"4041509";"V4: export de controle historique, original et donnees conserves";"EA29BE8B19DB42D157958BDA52D12E4B1B46B6CF0EDAF9863C0062BA08BC4651"
"V4/template-stable/small-size-comparison.png";"738628";"V4: export de controle historique, original et donnees conserves";"E1F5956210C24897B818CE351B4F54D626DA969F7CD1A26F815AC244049AA153"
"V4/template-stable/taulio-photoshop.png";"4041802";"V4: export de controle historique, original et donnees conserves";"274E3ABECF913FDD33B1FCD0647BAF7DB16E5F26A525ADECC32F19B02726F977"
"V4/template-stable/TAULIO-preview.png";"1850841";"V4: export de controle historique, original et donnees conserves";"6A87A60C8B130AB2A5A670A021A35C8627410FE7440456C1BE4C7248EA62E90E"
"V4/template-stable/taulio-reopened.png";"4041935";"V4: export de controle historique, original et donnees conserves";"34BA1C7E37F1630A14383B9794EB380DB01BC5E0F105A81E44B47C1BD29AB76F"
"V4/template-stable/template-photoshop-preview.png";"1907691";"V4: export de controle historique, original et donnees conserves";"540310E610D82AFC3B6BEC923C8BF7C18C812D0EC8E8E174AA6247767583B855"
"V4/template-stable/template-photoshop.png";"4041869";"V4: export de controle historique, original et donnees conserves";"6E4B51C1F0974B293F56DFDEF37CBD8D514F5AA04A92EF7BF3FB79FF4DD3BB69"
"V4/template-stable/test-five-positions.png";"4041935";"V4: export de controle historique, original et donnees conserves";"1D156764FC846841822F5814FE49E70BB5071AE8BF6D7F22A3A1AC55E9707F76"
"V4/template-stable/test-number-295.png";"4041935";"V4: export de controle historique, original et donnees conserves";"5E71281397CFADD9D078C31567EA449201DC8D5A193ABEB7945BC9EBC2CA5899"
"V4/template-stable/weapon-hidden.png";"4041509";"V4: export de controle historique, original et donnees conserves";"0C87298C67AE435A40D8E2EAD13C6A87289B4D22AA75B6E8B685C03BAC9044E8"
"V4/template-stable/jelly-joe/fixed-card.png";"819680";"V4: export de controle historique, original et donnees conserves";"8B9010D7DF6ECC72E72B30305AE2784E78BF58A779DB7820C4BB4D681FC02D4B"
"V4/template-stable/jelly-joe/fixed-template.png";"819722";"V4: export de controle historique, original et donnees conserves";"5A4947374DFD8BC625F33F0CD00CE858AF25006C0962E20820C7626635727374"
"V4/template-stable/jelly-joe/preview.png";"1825500";"V4: export de controle historique, original et donnees conserves";"48BF045C2D2921E3385F1328C5E70A6A640CF4D794BF28724240BC44F77DF723"
"V4/template-stable/jelly-joe/reference-photoshop.png";"1800539";"V4: export de controle historique, original et donnees conserves";"869EB7D48AB7039B4B41D0DF7F7785B489B0CD9F13E965F1DCAE79E46331D8D6"
"V4/template-stable/jelly-joe/render-photoshop.png";"1803642";"V4: export de controle historique, original et donnees conserves";"9098B75522309F75B60CED4E386730D80AC8073470B5B43CAAE2652294F79625"
"V4/template-stable/jelly-joe/reopened-photoshop.png";"1803775";"V4: export de controle historique, original et donnees conserves";"087B1ACF409BBDA14F9EDF081442C24260CEECE85F57F9DAE71ADBE99E3DD826"
"V4/template-stable/jelly-joe/taulio-regression.png";"1812276";"V4: export de controle historique, original et donnees conserves";"0826DBDCBE478A6FA3FFEA1B1A1D7EFA08DDAADBBA08B7251257E59739379C75"
"V4/template-stable/jelly-joe/template-photoshop.png";"1800333";"V4: export de controle historique, original et donnees conserves";"30007E28046F413BA9603F033D579FD9C8148CFFE5AB11AEDF3677F99F54931D"
"V4/template-stable/jelly-joe-encre/fixed-new.png";"944488";"V4: export de controle historique, original et donnees conserves";"2516292C47030F81DB62B4F390575E603D8FE1DACB5D55F37DB47C6F5D7BBC07"
"V4/template-stable/jelly-joe-encre/fixed-previous.png";"944411";"V4: export de controle historique, original et donnees conserves";"5C57CA84CBC76655D836FD079E4F12C9207E8EF945B4E7167D2F4401A7F5D8A9"
"V4/template-stable/jelly-joe-encre/preview.png";"1870135";"V4: export de controle historique, original et donnees conserves";"9F7477CA93C4A807EF9426778AF7FFEFBFF87C5246A9785154591BD91823F9F1"
"V4/template-stable/jelly-joe-encre/render.png";"1830807";"V4: export de controle historique, original et donnees conserves";"983314F93CFF7047E40933BF495155211D27762A3F668EEFA16F145B5D670AD1"
"V4/template-stable/jelly-joe-encre/reopened.png";"1830940";"V4: export de controle historique, original et donnees conserves";"69D1D092DE8C4B30E90F296A006DD5D0153A40C6E3D2CEC71991CE2CE1490362"
"V4/template-stable/jelly-joe-encre/small-240.png";"242395";"V4: export de controle historique, original et donnees conserves";"4D62EF965DE7D1BDD7488121AE907F29D706C78C8CF7A1461E4D123B68508CA7"
"V4/template-stable/jelly-joe-encre/template-new.png";"1798965";"V4: export de controle historique, original et donnees conserves";"7B7DE00A08EDD5E9D6C63F73AE2A0CBE50E4A875003D241710053FC0D3D18132"
"V4/template-stable/jelly-joe-encre/template-previous.png";"1799087";"V4: export de controle historique, original et donnees conserves";"7CC9C8A5DEC7C9D3EACD53A26D7CB1AB18EDEF6EB044E4D3FB8951963E2787EA"
"V4/template-stable/jelly-joe-encre/template-reopened.png";"1799098";"V4: export de controle historique, original et donnees conserves";"8BB561B2234AD1DC85A3C26E0A4C0E97C2FAACF7A09FB46E45874F59EC332F93"
"V4/template-stable/momo-bal/fixed-card.png";"888935";"V4: export de controle historique, original et donnees conserves";"3E456FF261FE70DDB61F93A9EA748E5B09D0ED993B52CB550ABA308ECBF76075"
"V4/template-stable/momo-bal/fixed-template.png";"888952";"V4: export de controle historique, original et donnees conserves";"3B646961A8B9350D6A3CA29E29A8145A40174D184CC352AE91C225DF1306F877"
"V4/template-stable/momo-bal/jelly-joe-approved.png";"1830940";"V4: export de controle historique, original et donnees conserves";"456098A4E92C83536BC48F20AD5723895A0B777909ADD67E29E2D9FBA174080B"
"V4/template-stable/momo-bal/jelly-joe-regression.png";"1830730";"V4: export de controle historique, original et donnees conserves";"DC26E22253919CE878A4F7BA1C2E7555562DA5765D74A076BB9EA37845C0CBCC"
"V4/template-stable/momo-bal/momo-approved.png";"1799075";"V4: export de controle historique, original et donnees conserves";"9FE0B397F2C375D5535D5E74B4501D92E8E7D4927F28D51610A36030B4E2107D"
"V4/template-stable/momo-bal/momo-regression.png";"1798942";"V4: export de controle historique, original et donnees conserves";"4D7AF4C7A846BA62E167168716AD71B355FB2D3A2530874D2FDEF0CAB4D051ED"
"V4/template-stable/momo-bal/preview.png";"1908271";"V4: export de controle historique, original et donnees conserves";"701577FE71223CC8EB08211C6AE6C96C80DCC3832676F964F3462D84183A4CCD"
"V4/template-stable/momo-bal/render.png";"1784104";"V4: export de controle historique, original et donnees conserves";"84915DDAF7BC321E01C93D20A19BE52EB0AE518456B8B4D404A471F7086E3F4D"
"V4/template-stable/momo-bal/reopened.png";"1784237";"V4: export de controle historique, original et donnees conserves";"4B07722FEAB0AC9EC6E4F9A4B5CEBCD25A5803C7ED6708927F8178A63C2B5E9C"
"V4/template-stable/momo-bal/small-240.png";"247868";"V4: export de controle historique, original et donnees conserves";"8D404885E673DE87C3F1AA04135A839BE117A0C5E33A0A997E0484FEC59ECA1E"
"V4/template-stable/momo-bal/taulio-approved.png";"1812184";"V4: export de controle historique, original et donnees conserves";"1A220A9F44BA71A75DD30972BA161935AD447977097C742F24A9162D29883A41"
"V4/template-stable/momo-bal/taulio-regression.png";"1812051";"V4: export de controle historique, original et donnees conserves";"48A71D7507947D8EC2888A6B61DBCA59EE4478D6FAE4EEECA7D8A45193C564E5"
"V4/template-stable/momo-bal/template-new.png";"1798974";"V4: export de controle historique, original et donnees conserves";"647A2DB56DC9506E44A3BC4A63E6C172DBBC70C59C459152A7DE75B9B800233C"
"V4/template-stable/momo-bal/template-previous.png";"1799098";"V4: export de controle historique, original et donnees conserves";"2A21FDA9FDBFE5E000CACFC9A7AAF133C42E06480D274CCB62289A259FA282DD"
"V4/template-stable/momo-bal/template-reopened.png";"1799107";"V4: export de controle historique, original et donnees conserves";"FEE7A945F1E64077B3FD16C55AA695329A6B24FE3FD7455E306CB37456EF50AA"
"V4/template-stable/revision-03/jelly-joe/fixed-new.png";"944278";"V4: export de controle historique, original et donnees conserves";"B9C66A96206BBECFA780390606BE12402B2EAF0F8D1D8B56E7A6567FB9589F66"
"V4/template-stable/revision-03/jelly-joe/fixed-previous.png";"944412";"V4: export de controle historique, original et donnees conserves";"F16B4DAAAFA10DDDA172AFE6B468146557BC39D16F816A6A9D75E208C28E8F50"
"V4/template-stable/revision-03/jelly-joe/preview.png";"525177";"V4: export de controle historique, original et donnees conserves";"CE8E7A71156CCD6D05121966EA984762EEE0242E53B65B88896B6119589D1651"
"V4/template-stable/revision-03/jelly-joe/render.png";"1844082";"V4: export de controle historique, original et donnees conserves";"94BB1C4A13094EF3D0CC526A5CFC0D91A51A2EE75125967A8D826A8BB84CB1DA"
"V4/template-stable/revision-03/jelly-joe/reopened.png";"1844215";"V4: export de controle historique, original et donnees conserves";"5E0BEC288A73F6E7CC1ACBF970C62232D676EFC11864960CEC902CE7F11304FE"
"V4/template-stable/revision-03/momo/fixed-new.png";"963378";"V4: export de controle historique, original et donnees conserves";"F29D4A840A7AB16D99FAB24EC98051E4F98CB7B61E7FA71DEF033E9C10FA2FEC"
"V4/template-stable/revision-03/momo/fixed-previous.png";"963185";"V4: export de controle historique, original et donnees conserves";"395F1EF0081281A2557B8D3D9547A6DF065C6B217EF4A0960317E04583492B73"
"V4/template-stable/revision-03/momo/preview.png";"534376";"V4: export de controle historique, original et donnees conserves";"CAC8F27B56CAFBC284D72917227DD525156A449F0EC0445E54E71A057ACB0F25"
"V4/template-stable/revision-03/momo/render.png";"1798942";"V4: export de controle historique, original et donnees conserves";"07C0C51F28E5DAB53275C4B97F8923104249919D3029317B3411626F90F77F10"
"V4/template-stable/revision-03/momo/reopened.png";"1799075";"V4: export de controle historique, original et donnees conserves";"89B24FE21401E5BB5EC5EF1B77D247ED4AB1B7C3474C8961D6A070A946D8FD07"
"V4/template-stable/revision-03/taulio/fixed-new.png";"907849";"V4: export de controle historique, original et donnees conserves";"736E66C79C91951C7B818F7C18B89F70C3CD82A44DF0B47900AB986E46857CD6"
"V4/template-stable/revision-03/taulio/fixed-previous.png";"908032";"V4: export de controle historique, original et donnees conserves";"E47D539F079F41D94AFDEC800231979465E2682C9CB96EC55E14BDA44A49A27B"
"V4/template-stable/revision-03/taulio/preview.png";"530770";"V4: export de controle historique, original et donnees conserves";"30E86F430AF782BF7A91DCCCB26CB46C280F853391D62AC9BA0F0DD0635EC09D"
"V4/template-stable/revision-03/taulio/render.png";"1812051";"V4: export de controle historique, original et donnees conserves";"6837DAD2309A8FD54EAB46E19B66EB96443A10DEB2805652C725597CC7C4122C"
"V4/template-stable/revision-03/taulio/reopened.png";"1812184";"V4: export de controle historique, original et donnees conserves";"BEADB2DA2981770460414A19AF7CA9B72EEDBD6B5BF85E5A8A66728BEEC35312"
"V4/template-stable/rikka/fixed-card.png";"841177";"V4: export de controle historique, original et donnees conserves";"C38960611E0FCE3A1A6859E8ACAF4C5254B584DC3613CA8C9CFBC1F9F4916422"
"V4/template-stable/rikka/fixed-template.png";"841185";"V4: export de controle historique, original et donnees conserves";"23592135F12C1A8FEB0B92A3D4BEFF6BF42963C7B52DF968C891D1326B20A1FA"
"V4/template-stable/rikka/jelly-joe-approved.png";"1830940";"V4: export de controle historique, original et donnees conserves";"467AF5FF3D4609C626EF1C3AC35E1F8043C53492D12766C3FC1A1E31E3ECE11A"
"V4/template-stable/rikka/jelly-joe-regression.png";"1830730";"V4: export de controle historique, original et donnees conserves";"9B49686D231BB1A989D4C447DE2E45801694DED9D92FC8B69E58F4B453CF94FC"
"V4/template-stable/rikka/momo-approved.png";"1799075";"V4: export de controle historique, original et donnees conserves";"6303B4FDB1BEA6A038D0CC548C7C3134949A1FDFA049738D45F3F7F72D3330A8"
"V4/template-stable/rikka/momo-bal-approved.png";"1784237";"V4: export de controle historique, original et donnees conserves";"14894E9DF56D2B39D0313D5B4D39C458479B7DDE92AAA117A697E1C2977C94E3"
"V4/template-stable/rikka/momo-bal-regression.png";"1784104";"V4: export de controle historique, original et donnees conserves";"E12964D1B12817C154B4751B0EEF704DB85E5FDD84A4B120303197E4C368975F"
"V4/template-stable/rikka/momo-regression.png";"1798942";"V4: export de controle historique, original et donnees conserves";"C67A81CDCF2959384B56336E8B402EC47B0348EBCB83D8676881CF7DB0F44879"
"V4/template-stable/rikka/preview.png";"1846891";"V4: export de controle historique, original et donnees conserves";"4EA6FC0C27CB582968F1D051F16C8A2CB7CF69EF91A05EA8B1D901F81EA9F1C0"
"V4/template-stable/rikka/render.png";"1733787";"V4: export de controle historique, original et donnees conserves";"8D15780DECF3A59A0A1647364117C46FD56C8DF960DE957E2D627C0C8A8367A8"
"V4/template-stable/rikka/reopened.png";"1733787";"V4: export de controle historique, original et donnees conserves";"0947B3ABA74581A08611094273D9AE274A4AC586BA4598F2B093E62D3A84F1EC"
"V4/template-stable/rikka/small-240.png";"238389";"V4: export de controle historique, original et donnees conserves";"4741FEED5C79404DCD4ECC3292BD63353516B747FB3EDAD3439EF8983638F5CC"
"V4/template-stable/rikka/taulio-approved.png";"1812184";"V4: export de controle historique, original et donnees conserves";"EA7FE72116E75BC1E912D5704F9D64704E30C7C16F4942E3CF903325F5D89F45"
"V4/template-stable/rikka/taulio-regression.png";"1812051";"V4: export de controle historique, original et donnees conserves";"29E13EEFA73D24822DC8B6F6E9A49C9C300FB0705D7638657E488FBB8D92A41F"
"V4/template-stable/rikka/template-new.png";"1799104";"V4: export de controle historique, original et donnees conserves";"3615FB06173BB1305B408ACE98A034A49EBC980D7FCD8D2C5E9730D020F54718"
"V4/template-stable/rikka/template-previous.png";"1801795";"V4: export de controle historique, original et donnees conserves";"F9191245F04E55FAD912E0CEEAA1B9258D32B1E2118D4FBEDBCE6206C8892C16"
"V4/template-stable/rikka/template-reopened.png";"1799104";"V4: export de controle historique, original et donnees conserves";"B663CDB7CF8BACCD031639355B1F1734F015E54AF0F3507B176796433DA954E2"
"V4/template-stable/rikka-revision-02/fixed-after.png";"894229";"V4: export de controle historique, original et donnees conserves";"B80867E2CC0E9E23491F54F0309EDAA396831B194B70CAE83B5DA5FF7B543520"
"V4/template-stable/rikka-revision-02/fixed-before.png";"894362";"V4: export de controle historique, original et donnees conserves";"38BB9CE4834BE221DDABEE62588CEF2B8DFDE88C072A73483D68584EE411E2C9"
"V4/template-stable/rikka-revision-02/fresh-render.png";"1702322";"V4: export de controle historique, original et donnees conserves";"5AB0C39551617F1D77D8D6EA49C66339A095090DD780B1C910D0CE77F3AC5989"
"V4/template-stable/rikka-revision-02/master-after.png";"1798971";"V4: export de controle historique, original et donnees conserves";"BF819EF77C83E0A748424F9FE5E242119F87D4514299475C768B7874ED2EC0AF"
"V4/template-stable/rikka-revision-02/master-before.png";"1799104";"V4: export de controle historique, original et donnees conserves";"A98EDA8432A1322352433B5FA47BD816E9A728B0639FC5AA776C5EBE9AF45025"
"V4/template-stable/rikka-revision-02/master-reopened.png";"1799104";"V4: export de controle historique, original et donnees conserves";"856DD27CDCED2D83574AE6EB33627321C605F4D134A4B0D2DEEC883886CFCD72"
"V4/template-stable/rikka-revision-02/render.png";"1702322";"V4: export de controle historique, original et donnees conserves";"F918C8DC83DE2FD2AB73C760A508B636C37214B417D89C9E2313468C42365E14"
"V4/template-stable/rikka-revision-02/reopened.png";"1702455";"V4: export de controle historique, original et donnees conserves";"AD33F7587FA93613A64CD0298859EB130B7F08AA8F4BAF697950454E7864CD0F"
"V4/template-stable/rikka-revision-02/repeat.png";"1702455";"V4: export de controle historique, original et donnees conserves";"7A43A3AC972E758F27F69FE53228DAA6A83F3317DBA8D9D9DD340CE2191C9DF1"
"V4/template-stable/rikka-revision-02/small-240.png";"190611";"V4: export de controle historique, original et donnees conserves";"BB8FC203ADC614AF71F95A5647FEA22829355DFA624E2C4B95D60948E6217D0D"
"V4/templates/01_ELECTRO_MOMO.psd";"68063778";"V4: PSD intermediaire remplace par les cartes finales et le maitre 03F";"71CB475760F8686B186396905EF3B1A7E69BE62D42AC71CC02639ED8F0CC42D4"
"V4/templates/JELLY_JOE_V4_01_TEMPLATE_ELECTRO.psd";"79454002";"V4: PSD intermediaire remplace par les cartes finales et le maitre 03F";"B7538F5FD12FF7B625393465FBD15405A29CAEA4EEF605D4C514205CCC40F89E"
"V4/templates/JELLY_JOE_V4_02_VISAGE_POSITIONS.psd";"84924813";"V4: PSD intermediaire remplace par les cartes finales et le maitre 03F";"8D8432A6DF5BD4F1ED062A978FB817E62C82DB770D879C916BFD1686BDF04B8A"
"V4/templates/KALISTAR_MASTER_V4_01-supports.psd";"208543723";"V4: PSD intermediaire remplace par les cartes finales et le maitre 03F";"F8AD104A73C43404F66468EEAFA7B23F91CE90E86882B1965F7B48AFE55CA83F"
"V4/templates/KALISTAR_MASTER_V4_02-chassis.psd";"204217805";"V4: PSD intermediaire remplace par les cartes finales et le maitre 03F";"07D1499A06641674195BADF825F3120BCAB748E452669236AB11FD97EB9355AD"
"V4/templates/KALISTAR_MASTER_V4.psd";"208556040";"V4: PSD intermediaire remplace par les cartes finales et le maitre 03F";"071E1EB93B3AF99C6A031072548A2B54D065E369B0E16A323164DBDCB2A160CB"
"V4/templates/MOMO_V4_02_POSITIONS_DRAPEAU.psd";"49507278";"V4: PSD intermediaire remplace par les cartes finales et le maitre 03F";"3DF41F4EAEC5568B7135739C72BC206AFD9B36CFD3E760E535D8EB2ADD50D5C3"
"V4/templates/MOMO_V4_03_DRAPEAU_CODE_COULEUR.psd";"49096173";"V4: PSD intermediaire remplace par les cartes finales et le maitre 03F";"FCC0B77EEE93131D96BAC1215ED9B46BAF64E92510D8179E2683375A2DC98E08"
"V4/templates/MOMO_V4_04_OMBRE_ATTACHE.psd";"49099018";"V4: PSD intermediaire remplace par les cartes finales et le maitre 03F";"F4CA6A646D874998EB25629A2A7AA9B432B40249BC369006414A2D373181783E"
"V4/templates/MOMO_V4_05_CHIFFRES_LISIBLES.psd";"49161147";"V4: PSD intermediaire remplace par les cartes finales et le maitre 03F";"4343DC3534E3736EE423502D69F55C7B442803DF6322E31C7992B57FE85E5936"
"V4/templates/MOMO_V4_06_CONTRASTE_ATK.psd";"49165294";"V4: PSD intermediaire remplace par les cartes finales et le maitre 03F";"4EBD8F9B916C0E4A86FFB4ED3D6454F146A3AFEF949107D77DC22C3506EBF90E"
"V4/templates/MOMO_V4_07_FONDS_ATK_LISIBLES.psd";"49223434";"V4: PSD intermediaire remplace par les cartes finales et le maitre 03F";"FA5F6565E720AD54F90F1F8DB0A3B537D238069F8A9D668BB111659CA451CDC8"
"V4/templates/MOMO_V4_08_OR_DEGRADE_CENTRAGE.psd";"49177600";"V4: PSD intermediaire remplace par les cartes finales et le maitre 03F";"76B9A2C7F745C488FBAAA33A56ECE7BAA429376818F84ACBA2C920F66DA6BA09"
"V4/templates/MOMO_V4_09_OR_GENERE_INTEGRE.psd";"56131517";"V4: PSD intermediaire remplace par les cartes finales et le maitre 03F";"00746994C0518C309E7689036A4AF0BAD03D322684E497DF55BB0B8A05B6BD0B"
"V4/templates/MOMO_V4_10_FONDS_RECENTRES.psd";"51620497";"V4: PSD intermediaire remplace par les cartes finales et le maitre 03F";"B7107DAB8E58E291BADFF32C39E94A6FDA9D90EF94AEBA6C9D0CD80727D3C861"
"V4/templates/MOMO_V4_BASE_V3_BAS_V4.psd";"48311768";"V4: PSD intermediaire remplace par les cartes finales et le maitre 03F";"F5F3A30C96E3F34C8E4D23E2911F1BE7CB316C81393F0B8FDC6232F066476A14"
"V4/templates/RIKKA_V4_01_TEMPLATE_ELECTRO.psd";"101268350";"V4: PSD intermediaire remplace par les cartes finales et le maitre 03F";"2511B52C3D038C078F32AD5F91CB6B59C01474C07C86FD02A7073D4E35D1EA13"
"V4/templates/RIKKA_V4_02_VITRINE_ICONES.psd";"101145879";"V4: PSD intermediaire remplace par les cartes finales et le maitre 03F";"E4359B764544F0575B8EEF3A0B78E43B8B1FD347B97BA48B4F41687F233A51F9"
"V4/templates/TAULIO_V4_01_TEMPLATE_STABLE.psd";"69043484";"V4: PSD intermediaire remplace par les cartes finales et le maitre 03F";"E79430848795A047D4636DD6ED86874E48B1C97FD4B316DB2FCC7AD7EE11861E"